O_Rank,Team,O_Games_Played,O_Points_For,O_Total_Yards,O_Plays,O_Y/Play,O_TO,O_Fumbles_Lost,O_1st_D,O_P_Completions,O_P_Attempts,O_P_Yards,O_P_TD,O_P_Int,O_P_Y/PA,O_P_Passing_1st_D,O_R_Att,O_R_Yards,O_R_TD,O_R_Y/A,O_R_1st_D,O_Pe,O_Pe_Yards,O_Pe_1st_D,O_Scoring_Drives,O_TO_%,O_Expected_Points,Year,D_Rank,D_Games_Played,D_Points_Allowed,D_Total_Yards,D_Plays,D_Y/Play,D_TD,D_Fumbles_Lost,D_1st_D,D_P_Completions,D_P_Attempts,D_P_Yards,D_P_TD,D_P_Int,D_P_Y/PA,D_P_Passing_1st_D,D_R_Att,D_R_Yards,D_R_TD,D_R_Y/A,D_R_1st_D,D_Pe,D_Pe_Yards,D_Pe_1st_D,D_Scoring_Drives,D_TD_%,D_Expected_Points,Superbowl
1,Dallas Cowboys,16.0,479.0,6444.0,1092.0,5.9,20.0,9.0,368.0,422.0,619.0,4496.0,35.0,11.0,6.9,235.0,441.0,1948.0,13.0,4.4,102.0,122.0,1059.0,31.0,41.8,10.4,129.5,2021,7,16.0,332.0,5652.0,1012.0,5.6,33.0,8.0,305.0,344.0,578.0,3883.0,22.0,25.0,6.3,180.0,396.0,1769.0,12.0,4.5,90.0,118.0,943.0,35.0,31.6,17.1,31.06,0
2,Tampa Bay Buccaneers,16.0,470.0,6492.0,1079.0,6.0,19.0,7.0,383.0,463.0,692.0,4905.0,40.0,12.0,6.9,258.0,365.0,1587.0,16.0,4.3,100.0,95.0,864.0,25.0,43.4,10.4,194.61,2021,10,16.0,336.0,5318.0,1022.0,5.2,27.0,11.0,326.0,416.0,637.0,3855.0,24.0,16.0,5.7,204.0,340.0,1463.0,11.0,4.3,88.0,78.0,625.0,34.0,34.1,14.5,-25.01,0
3,Buffalo Bills,16.0,456.0,6069.0,1064.0,5.7,22.0,6.0,373.0,390.0,609.0,4030.0,34.0,16.0,6.3,221.0,428.0,2039.0,19.0,4.8,127.0,109.0,940.0,25.0,45.9,12.2,142.89,2021,2,16.0,279.0,4584.0,968.0,4.7,30.0,11.0,281.0,290.0,510.0,2766.0,11.0,19.0,5.1,135.0,425.0,1818.0,19.0,4.3,107.0,98.0,817.0,39.0,28.9,15.6,55.21,0
4,Kansas City Chiefs,16.0,452.0,6356.0,1060.0,6.0,25.0,12.0,391.0,421.0,631.0,4536.0,35.0,13.0,6.9,248.0,402.0,1820.0,16.0,4.5,113.0,106.0,880.0,30.0,48.1,14.4,183.83,2021,13,16.0,340.0,5908.0,1006.0,5.9,28.0,13.0,345.0,388.0,585.0,4100.0,27.0,15.0,6.7,200.0,391.0,1808.0,12.0,4.6,113.0,110.0,866.0,32.0,36.6,16.1,-95.51,0
5,Cincinnati Bengals,16.0,444.0,5963.0,995.0,6.0,21.0,7.0,326.0,369.0,526.0,4300.0,35.0,14.0,7.5,204.0,418.0,1663.0,16.0,4.0,90.0,68.0,588.0,32.0,43.6,10.5,119.1,2021,18,16.0,355.0,5588.0,1009.0,5.5,19.0,7.0,315.0,403.0,602.0,4051.0,24.0,12.0,6.3,205.0,366.0,1537.0,14.0,4.2,92.0,112.0,900.0,18.0,34.3,10.7,-27.17,0
6,Los Angeles Chargers,16.0,442.0,6194.0,1040.0,6.0,20.0,6.0,374.0,409.0,610.0,4445.0,35.0,14.0,7.0,236.0,402.0,1749.0,17.0,4.4,107.0,106.0,925.0,31.0,45.7,12.2,148.75,2021,26,16.0,424.0,5776.0,1029.0,5.6,21.0,10.0,359.0,336.0,522.0,3589.0,25.0,11.0,6.5,189.0,475.0,2187.0,21.0,4.6,135.0,96.0,812.0,35.0,44.0,12.0,-111.73,0
7,Indianapolis Colts,16.0,440.0,5668.0,999.0,5.7,17.0,10.0,341.0,307.0,492.0,3222.0,26.0,7.0,6.2,159.0,481.0,2446.0,22.0,5.1,150.0,72.0,636.0,32.0,44.4,8.2,139.5,2021,12,16.0,339.0,5516.0,986.0,5.6,33.0,14.0,315.0,367.0,565.0,3763.0,30.0,19.0,6.3,202.0,389.0,1753.0,10.0,4.5,95.0,103.0,929.0,18.0,33.9,18.1,-41.63,0
8,New England Patriots,16.0,438.0,5629.0,993.0,5.7,20.0,8.0,341.0,344.0,505.0,3612.0,23.0,12.0,6.8,179.0,462.0,2017.0,22.0,4.4,128.0,87.0,776.0,34.0,48.5,11.5,115.51,2021,1,16.0,270.0,4986.0,972.0,5.1,30.0,7.0,285.0,304.0,516.0,3078.0,20.0,23.0,5.6,169.0,421.0,1908.0,8.0,4.5,99.0,95.0,798.0,17.0,28.6,17.9,45.36,0
9,Los Angeles Rams,16.0,436.0,6060.0,994.0,6.1,21.0,5.0,336.0,385.0,575.0,4441.0,38.0,16.0,7.4,221.0,393.0,1619.0,10.0,4.1,95.0,73.0,622.0,20.0,46.5,11.8,137.99,2021,15,16.0,345.0,5414.0,1051.0,5.2,23.0,6.0,324.0,392.0,592.0,3795.0,15.0,17.0,5.9,199.0,412.0,1619.0,17.0,3.9,103.0,82.0,632.0,22.0,35.3,12.9,-25.74,0
10,Green Bay Packers,16.0,420.0,5837.0,1006.0,5.8,10.0,5.0,353.0,378.0,558.0,4059.0,36.0,5.0,6.9,220.0,419.0,1778.0,12.0,4.2,103.0,69.0,683.0,30.0,44.4,4.9,178.68,2021,9,16.0,334.0,5175.0,978.0,5.3,26.0,8.0,317.0,357.0,571.0,3419.0,28.0,18.0,5.6,181.0,369.0,1756.0,12.0,4.8,113.0,86.0,703.0,23.0,34.8,14.9,-50.39,0
11,Arizona Cardinals,16.0,419.0,6047.0,1054.0,5.7,14.0,3.0,347.0,387.0,552.0,4089.0,26.0,11.0,7.0,204.0,468.0,1958.0,22.0,4.2,118.0,108.0,944.0,25.0,44.4,7.7,137.54,2021,5,16.0,328.0,5166.0,971.0,5.3,25.0,13.0,317.0,352.0,535.0,3416.0,27.0,12.0,5.9,182.0,396.0,1750.0,8.0,4.4,100.0,96.0,866.0,35.0,34.3,15.1,4.78,0
12,Philadelphia Eagles,16.0,418.0,5804.0,1005.0,5.8,15.0,6.0,330.0,287.0,460.0,3238.0,18.0,9.0,6.6,156.0,517.0,2566.0,24.0,5.0,154.0,104.0,812.0,20.0,42.9,9.2,113.15,2021,8,16.0,334.0,5115.0,1015.0,5.0,16.0,4.0,336.0,387.0,561.0,3452.0,23.0,12.0,5.9,195.0,426.0,1663.0,16.0,3.9,106.0,87.0,780.0,35.0,34.7,9.4,-34.34,0
13,San Francisco 49ers,16.0,400.0,5938.0,979.0,6.1,22.0,10.0,337.0,319.0,481.0,3907.0,24.0,12.0,7.6,184.0,468.0,2031.0,21.0,4.3,122.0,96.0,1010.0,31.0,40.9,11.1,120.08,2021,14,16.0,341.0,5005.0,968.0,5.2,18.0,11.0,299.0,351.0,513.0,3309.0,22.0,7.0,6.0,168.0,412.0,1696.0,17.0,4.1,93.0,91.0,778.0,38.0,34.3,8.7,-44.42,0
14,Minnesota Vikings,16.0,394.0,5837.0,1036.0,5.6,13.0,6.0,321.0,384.0,582.0,4011.0,31.0,7.0,6.6,194.0,427.0,1826.0,10.0,4.3,100.0,107.0,996.0,27.0,39.5,7.0,64.87,2021,25,16.0,409.0,6166.0,1072.0,5.8,22.0,8.0,367.0,368.0,578.0,4034.0,28.0,14.0,6.5,207.0,450.0,2132.0,15.0,4.7,126.0,91.0,781.0,34.0,40.4,11.5,-98.52,0
15,Tennessee Titans,16.0,391.0,5417.0,1068.0,5.1,25.0,11.0,339.0,336.0,503.0,3137.0,18.0,14.0,5.7,178.0,519.0,2280.0,23.0,4.4,128.0,98.0,931.0,33.0,38.9,13.7,60.74,2021,6,16.0,329.0,5254.0,983.0,5.3,22.0,6.0,313.0,372.0,595.0,3880.0,21.0,16.0,6.1,193.0,347.0,1374.0,14.0,4.0,83.0,114.0,1005.0,37.0,36.9,11.4,-18.65,0
16,Baltimore Ravens,16.0,374.0,6059.0,1114.0,5.4,23.0,7.0,374.0,380.0,579.0,3829.0,21.0,16.0,6.0,204.0,481.0,2230.0,17.0,4.6,145.0,101.0,847.0,25.0,39.8,12.7,70.64,2021,20,16.0,376.0,5864.0,958.0,6.1,14.0,6.0,321.0,367.0,577.0,4507.0,30.0,8.0,7.4,218.0,348.0,1357.0,13.0,3.9,76.0,92.0,839.0,27.0,34.9,8.0,-114.26,0
17,Seattle Seahawks,16.0,357.0,5075.0,897.0,5.7,11.0,5.0,283.0,309.0,469.0,3203.0,27.0,6.0,6.2,156.0,383.0,1872.0,16.0,4.9,97.0,93.0,773.0,30.0,33.5,6.3,88.73,2021,11,16.0,336.0,6140.0,1129.0,5.4,17.0,6.0,380.0,415.0,619.0,4326.0,23.0,11.0,6.7,230.0,481.0,1814.0,15.0,3.8,115.0,90.0,873.0,35.0,34.6,8.4,-97.27,0
18,Las Vegas Raiders,16.0,339.0,5838.0,1008.0,5.8,24.0,10.0,325.0,408.0,591.0,4395.0,21.0,14.0,7.0,207.0,380.0,1443.0,13.0,3.8,86.0,120.0,1066.0,32.0,39.4,13.7,63.11,2021,24,16.0,407.0,5292.0,1015.0,5.2,13.0,8.0,322.0,366.0,542.0,3434.0,26.0,5.0,6.0,182.0,441.0,1858.0,17.0,4.2,104.0,88.0,898.0,36.0,41.3,7.2,-114.23,0
19,New Orleans Saints,16.0,334.0,4808.0,980.0,4.9,18.0,5.0,285.0,277.0,480.0,3012.0,26.0,13.0,5.8,156.0,464.0,1796.0,12.0,3.9,103.0,94.0,771.0,26.0,32.4,9.2,-24.2,2021,4,16.0,315.0,5153.0,1016.0,5.1,22.0,5.0,291.0,349.0,559.0,3626.0,19.0,17.0,6.0,176.0,414.0,1527.0,11.0,3.7,81.0,84.0,723.0,34.0,31.9,11.9,36.15,0
20,Cleveland Browns,16.0,328.0,5415.0,988.0,5.5,20.0,7.0,318.0,303.0,496.0,3149.0,19.0,13.0,5.8,169.0,444.0,2266.0,19.0,5.1,123.0,108.0,989.0,26.0,32.5,12.0,52.48,2021,17,16.0,355.0,5114.0,1005.0,5.1,19.0,6.0,316.0,352.0,547.0,3336.0,28.0,13.0,5.7,180.0,419.0,1778.0,13.0,4.2,102.0,94.0,850.0,34.0,38.2,10.4,-64.8,0
21,Pittsburgh Steelers,16.0,327.0,5047.0,1038.0,4.9,19.0,9.0,304.0,395.0,620.0,3543.0,22.0,10.0,5.4,190.0,381.0,1504.0,10.0,3.9,80.0,100.0,788.0,34.0,35.3,9.8,-5.66,2021,22,16.0,385.0,5758.0,1045.0,5.5,19.0,8.0,334.0,339.0,531.0,3524.0,24.0,11.0,6.0,181.0,462.0,2234.0,16.0,4.8,130.0,122.0,1012.0,23.0,40.0,10.0,-50.68,0
22,Washington Football Team,16.0,313.0,5177.0,1012.0,5.1,24.0,9.0,329.0,347.0,532.0,3342.0,21.0,15.0,5.8,177.0,440.0,1835.0,12.0,4.2,117.0,79.0,714.0,35.0,34.3,14.2,15.57,2021,28,16.0,427.0,5931.0,1006.0,5.9,16.0,7.0,336.0,385.0,566.0,4250.0,33.0,9.0,7.1,216.0,405.0,1681.0,14.0,4.2,97.0,93.0,782.0,23.0,44.6,9.6,-146.38,0
23,Denver Broncos,16.0,311.0,5254.0,982.0,5.4,17.0,8.0,313.0,341.0,516.0,3420.0,20.0,9.0,6.2,170.0,427.0,1834.0,13.0,4.3,116.0,77.0,666.0,27.0,36.3,9.4,56.72,2021,3,16.0,294.0,5154.0,965.0,5.3,19.0,6.0,284.0,314.0,518.0,3397.0,20.0,13.0,6.1,173.0,412.0,1757.0,9.0,4.3,93.0,99.0,877.0,18.0,31.9,11.3,-18.19,0
24,Miami Dolphins,16.0,308.0,4921.0,1031.0,4.8,26.0,12.0,302.0,389.0,593.0,3548.0,20.0,14.0,5.6,199.0,399.0,1373.0,11.0,3.4,75.0,100.0,792.0,28.0,29.4,13.0,-21.79,2021,16,16.0,349.0,5359.0,1022.0,5.2,23.0,10.0,316.0,353.0,578.0,3626.0,22.0,13.0,5.8,191.0,398.0,1733.0,14.0,4.4,95.0,101.0,913.0,30.0,36.1,12.0,-14.19,0
25,New York Jets,16.0,300.0,5155.0,990.0,5.2,27.0,7.0,306.0,350.0,583.0,3536.0,19.0,20.0,5.6,192.0,363.0,1619.0,14.0,4.5,86.0,99.0,833.0,28.0,30.5,15.5,-9.64,2021,32,16.0,477.0,6336.0,1066.0,5.9,14.0,7.0,376.0,376.0,541.0,4155.0,26.0,7.0,7.2,219.0,492.0,2181.0,27.0,4.4,122.0,80.0,774.0,35.0,50.0,8.0,-185.67,0
26,Chicago Bears,16.0,294.0,4869.0,995.0,4.9,27.0,9.0,309.0,299.0,494.0,2941.0,15.0,18.0,5.4,163.0,450.0,1928.0,14.0,4.3,114.0,104.0,904.0,32.0,31.1,15.0,-28.67,2021,21,16.0,376.0,5053.0,962.0,5.3,16.0,8.0,310.0,300.0,455.0,3030.0,28.0,8.0,6.0,162.0,461.0,2023.0,14.0,4.4,113.0,89.0,809.0,35.0,40.7,9.0,-70.31,0
27,Atlanta Falcons,16.0,293.0,4907.0,958.0,5.1,23.0,9.0,293.0,357.0,540.0,3518.0,19.0,14.0,6.1,187.0,381.0,1389.0,10.0,3.6,72.0,87.0,707.0,34.0,32.3,13.8,-11.5,2021,29,16.0,429.0,5825.0,1043.0,5.6,20.0,8.0,361.0,375.0,553.0,3778.0,28.0,12.0,6.6,205.0,473.0,2047.0,19.0,4.3,133.0,114.0,916.0,23.0,44.0,11.9,-124.51,0
28,Detroit Lions,16.0,288.0,5080.0,997.0,5.1,23.0,9.0,310.0,374.0,561.0,3293.0,20.0,14.0,5.5,181.0,401.0,1787.0,11.0,4.5,97.0,103.0,809.0,32.0,32.3,13.8,-9.87,2021,30,16.0,437.0,6078.0,1026.0,5.9,16.0,7.0,350.0,335.0,509.0,3904.0,28.0,9.0,7.3,196.0,491.0,2174.0,18.0,4.4,129.0,87.0,818.0,25.0,47.9,9.5,-169.54,0
29,Carolina Panthers,16.0,287.0,4764.0,1035.0,4.6,27.0,7.0,304.0,319.0,556.0,3032.0,12.0,20.0,5.0,164.0,429.0,1732.0,17.0,4.0,112.0,106.0,854.0,28.0,29.5,14.8,-81.37,2021,19,16.0,363.0,4792.0,968.0,5.0,16.0,7.0,290.0,308.0,476.0,2942.0,23.0,9.0,5.7,155.0,454.0,1850.0,14.0,4.1,106.0,106.0,886.0,29.0,36.2,8.6,11.19,0
30,Houston Texans,16.0,255.0,4374.0,954.0,4.6,22.0,7.0,248.0,331.0,513.0,3016.0,18.0,15.0,5.4,151.0,399.0,1358.0,8.0,3.4,70.0,110.0,913.0,27.0,25.8,11.8,-87.37,2021,27,16.0,424.0,6130.0,1036.0,5.9,25.0,8.0,359.0,340.0,514.0,3836.0,23.0,17.0,7.0,202.0,491.0,2294.0,25.0,4.7,129.0,84.0,748.0,28.0,43.0,12.8,-121.57,0
31,New York Giants,16.0,251.0,4707.0,991.0,4.7,27.0,9.0,289.0,336.0,562.0,3113.0,14.0,18.0,5.2,167.0,394.0,1594.0,8.0,4.0,86.0,85.0,653.0,36.0,28.7,15.2,-79.15,2021,23,16.0,394.0,5707.0,1079.0,5.3,22.0,7.0,349.0,393.0,593.0,3740.0,27.0,15.0,6.0,212.0,455.0,1967.0,14.0,4.3,114.0,104.0,785.0,23.0,41.4,12.6,-76.6,0
32,Jacksonville Jaguars,16.0,227.0,4873.0,964.0,5.1,29.0,12.0,285.0,338.0,572.0,3219.0,10.0,17.0,5.3,167.0,361.0,1654.0,13.0,4.6,86.0,98.0,807.0,32.0,24.4,16.7,-50.2,2021,31,16.0,446.0,5769.0,1015.0,5.7,7.0,1.0,338.0,360.0,514.0,3736.0,23.0,6.0,6.9,190.0,475.0,2033.0,22.0,4.3,120.0,100.0,827.0,28.0,46.6,4.3,-167.01,0
1,Green Bay Packers,16.0,509.0,6224.0,990.0,6.3,11.0,6.0,358.0,372.0,526.0,4106.0,48.0,5.0,7.5,216.0,443.0,2118.0,16.0,4.8,114.0,84.0,684.0,28.0,49.7,5.6,290.75,2020,13,16.0,369.0,5344.0,974.0,5.5,18.0,7.0,332.0,346.0,536.0,3539.0,23.0,11.0,6.1,184.0,397.0,1805.0,16.0,4.5,119.0,79.0,734.0,29.0,39.9,11.4,-109.67,0
2,Buffalo Bills,16.0,501.0,6343.0,1034.0,6.1,22.0,11.0,397.0,410.0,596.0,4620.0,40.0,11.0,7.4,240.0,411.0,1723.0,16.0,4.2,119.0,102.0,941.0,38.0,49.4,11.8,228.66,2020,16,16.0,375.0,5640.0,1025.0,5.5,26.0,11.0,351.0,369.0,573.0,3726.0,23.0,15.0,6.1,199.0,414.0,1914.0,21.0,4.6,125.0,86.0,728.0,27.0,39.4,15.3,-123.1,0
3,Tampa Bay Buccaneers,16.0,492.0,6145.0,1017.0,6.0,17.0,5.0,364.0,410.0,626.0,4626.0,42.0,12.0,7.1,238.0,369.0,1519.0,16.0,4.1,82.0,84.0,715.0,44.0,47.8,8.9,246.24,2020,8,16.0,355.0,5234.0,1023.0,5.1,25.0,10.0,319.0,426.0,617.0,3945.0,29.0,15.0,5.9,215.0,358.0,1289.0,10.0,3.6,78.0,95.0,1015.0,26.0,33.7,14.0,-22.04,0
4,Tennessee Titans,16.0,491.0,6343.0,1031.0,6.2,12.0,5.0,381.0,316.0,485.0,3653.0,33.0,7.0,7.2,203.0,521.0,2690.0,26.0,5.2,142.0,86.0,783.0,36.0,47.9,7.2,245.01,2020,24,16.0,439.0,6372.0,1076.0,5.9,23.0,8.0,391.0,423.0,630.0,4439.0,36.0,15.0,6.8,247.0,427.0,1933.0,18.0,4.5,113.0,103.0,840.0,31.0,45.2,13.3,-185.2,0
5,New Orleans Saints,16.0,482.0,6023.0,1045.0,5.8,17.0,9.0,367.0,370.0,522.0,3758.0,28.0,8.0,6.8,199.0,494.0,2265.0,30.0,4.6,147.0,98.0,1005.0,21.0,45.5,9.0,176.94,2020,5,16.0,337.0,4974.0,992.0,5.0,26.0,8.0,320.0,333.0,557.0,3472.0,28.0,18.0,5.8,185.0,390.0,1502.0,11.0,3.9,85.0,64.0,517.0,50.0,34.7,13.1,-40.02,0
6,Kansas City Chiefs,16.0,473.0,6653.0,1057.0,6.3,16.0,9.0,397.0,420.0,630.0,4854.0,40.0,7.0,7.4,255.0,403.0,1799.0,13.0,4.5,110.0,105.0,919.0,32.0,47.9,9.2,280.82,2020,11,16.0,362.0,5733.0,1022.0,5.6,22.0,6.0,353.0,349.0,557.0,3779.0,29.0,16.0,6.4,202.0,433.0,1954.0,14.0,4.5,113.0,97.0,760.0,38.0,36.1,13.0,-127.89,0
7,Baltimore Ravens,16.0,468.0,5810.0,993.0,5.9,18.0,7.0,327.0,257.0,406.0,2739.0,27.0,11.0,6.3,142.0,555.0,3071.0,24.0,5.5,166.0,104.0,961.0,19.0,45.3,10.6,148.3,2020,2,16.0,303.0,5276.0,1017.0,5.2,22.0,12.0,347.0,380.0,596.0,3536.0,22.0,10.0,5.6,213.0,382.0,1740.0,12.0,4.6,96.0,77.0,646.0,38.0,30.0,12.4,-17.69,0
8,Seattle Seahawks,16.0,459.0,5912.0,1022.0,5.8,18.0,5.0,356.0,388.0,563.0,3941.0,40.0,13.0,6.5,216.0,411.0,1971.0,15.0,4.8,111.0,84.0,662.0,29.0,44.4,10.1,129.24,2020,15,16.0,371.0,6089.0,1112.0,5.5,22.0,8.0,376.0,450.0,674.0,4560.0,23.0,14.0,6.3,253.0,392.0,1529.0,18.0,3.9,97.0,94.0,803.0,26.0,40.0,12.0,-85.81,0
9,Indianapolis Colts,16.0,451.0,6049.0,1032.0,5.9,15.0,4.0,364.0,371.0,552.0,4053.0,24.0,11.0,7.1,201.0,459.0,1996.0,20.0,4.3,129.0,94.0,899.0,34.0,44.4,8.8,168.41,2020,10,16.0,362.0,5314.0,992.0,5.4,25.0,10.0,329.0,369.0,562.0,3866.0,24.0,15.0,6.4,203.0,390.0,1448.0,16.0,3.7,94.0,86.0,755.0,32.0,35.1,14.3,-75.62,0
10,Las Vegas Raiders,16.0,434.0,6133.0,1036.0,5.9,26.0,16.0,359.0,369.0,551.0,4217.0,28.0,10.0,7.3,206.0,457.0,1916.0,20.0,4.2,121.0,98.0,856.0,32.0,47.9,14.8,147.62,2020,30,16.0,478.0,6225.0,1039.0,6.0,15.0,5.0,381.0,370.0,580.0,4212.0,28.0,10.0,7.0,223.0,438.0,2013.0,24.0,4.6,114.0,95.0,915.0,44.0,50.3,8.4,-211.22,0
11,Minnesota Vikings,16.0,430.0,6292.0,1023.0,6.2,23.0,10.0,383.0,349.0,516.0,4009.0,35.0,13.0,7.2,212.0,468.0,2283.0,20.0,4.9,139.0,82.0,650.0,32.0,39.8,12.5,157.7,2020,29,16.0,475.0,6292.0,1036.0,6.1,22.0,7.0,366.0,358.0,541.0,4141.0,30.0,15.0,7.3,208.0,472.0,2151.0,19.0,4.6,136.0,83.0,723.0,22.0,50.0,10.7,-180.29,0
12,Pittsburgh Steelers,16.0,416.0,5354.0,1043.0,5.1,18.0,7.0,322.0,428.0,656.0,4003.0,35.0,11.0,6.0,206.0,373.0,1351.0,12.0,3.6,81.0,81.0,691.0,35.0,37.2,8.5,78.22,2020,3,16.0,312.0,4893.0,996.0,4.9,27.0,9.0,281.0,298.0,526.0,3110.0,22.0,18.0,5.3,163.0,414.0,1783.0,13.0,4.3,94.0,103.0,980.0,24.0,29.3,13.8,33.24,0
13,Arizona Cardinals,16.0,410.0,6153.0,1083.0,5.7,21.0,8.0,381.0,387.0,575.0,3916.0,27.0,13.0,6.5,211.0,479.0,2237.0,22.0,4.7,136.0,113.0,868.0,34.0,40.2,11.7,103.62,2020,12,16.0,367.0,5631.0,1054.0,5.3,21.0,10.0,363.0,365.0,570.0,3623.0,26.0,11.0,5.9,207.0,436.0,2008.0,13.0,4.6,118.0,104.0,841.0,38.0,37.2,10.5,-82.04,0
14,Cleveland Browns,16.0,408.0,5913.0,1022.0,5.8,16.0,8.0,355.0,315.0,501.0,3539.0,27.0,8.0,6.7,195.0,495.0,2374.0,21.0,4.8,133.0,100.0,870.0,27.0,40.6,9.7,159.48,2020,21,16.0,419.0,5735.0,1035.0,5.5,21.0,10.0,352.0,371.0,585.0,3962.0,31.0,11.0,6.4,214.0,412.0,1773.0,16.0,4.3,116.0,84.0,690.0,22.0,43.0,12.7,-150.42,0
15,Miami Dolphins,16.0,404.0,5424.0,1021.0,5.3,20.0,7.0,345.0,370.0,559.0,3736.0,24.0,13.0,6.3,207.0,428.0,1688.0,15.0,3.9,100.0,74.0,635.0,38.0,41.4,11.0,61.96,2020,6,16.0,338.0,5886.0,998.0,5.9,29.0,11.0,336.0,343.0,545.0,4024.0,21.0,18.0,6.9,193.0,412.0,1862.0,17.0,4.5,113.0,85.0,805.0,30.0,30.7,15.6,-36.43,0
16,Atlanta Falcons,16.0,396.0,5895.0,1078.0,5.5,18.0,7.0,366.0,408.0,628.0,4363.0,27.0,11.0,6.5,243.0,409.0,1532.0,13.0,3.7,86.0,83.0,736.0,37.0,44.8,10.3,129.77,2020,19,16.0,414.0,6374.0,1034.0,6.2,21.0,9.0,367.0,425.0,625.0,4697.0,34.0,12.0,7.2,239.0,380.0,1677.0,15.0,4.4,97.0,91.0,800.0,31.0,42.0,12.1,-148.58,0
17,Dallas Cowboys,16.0,395.0,5949.0,1113.0,5.3,26.0,13.0,371.0,413.0,639.0,4161.0,25.0,13.0,6.1,231.0,430.0,1788.0,14.0,4.2,115.0,96.0,849.0,25.0,40.6,14.4,58.97,2020,28,16.0,473.0,6183.0,1054.0,5.9,23.0,13.0,359.0,328.0,513.0,3642.0,34.0,10.0,6.7,180.0,510.0,2541.0,20.0,5.0,142.0,91.0,733.0,37.0,43.1,12.2,-141.7,0
18,Houston Texans,16.0,384.0,6004.0,940.0,6.4,18.0,11.0,326.0,383.0,546.0,4538.0,33.0,7.0,7.6,222.0,344.0,1466.0,10.0,4.3,83.0,80.0,619.0,21.0,42.9,9.8,140.22,2020,27,16.0,464.0,6668.0,1068.0,6.2,9.0,6.0,390.0,377.0,541.0,4104.0,30.0,3.0,7.1,222.0,493.0,2564.0,24.0,5.2,145.0,76.0,678.0,23.0,47.0,5.4,-242.84,0
19,Los Angeles Chargers,16.0,384.0,6113.0,1127.0,5.4,16.0,6.0,373.0,413.0,627.0,4329.0,31.0,10.0,6.5,226.0,466.0,1784.0,12.0,3.8,111.0,85.0,710.0,36.0,38.3,8.6,129.6,2020,23,16.0,426.0,5495.0,997.0,5.5,19.0,7.0,324.0,340.0,543.0,3578.0,29.0,12.0,6.3,186.0,427.0,1917.0,17.0,4.5,112.0,94.0,869.0,26.0,43.5,10.0,-89.82,0
20,Detroit Lions,16.0,377.0,5603.0,991.0,5.7,21.0,8.0,350.0,374.0,582.0,4104.0,27.0,13.0,6.6,220.0,367.0,1499.0,17.0,4.1,93.0,95.0,860.0,37.0,38.5,11.2,94.78,2020,32,16.0,519.0,6716.0,1068.0,6.3,12.0,5.0,415.0,383.0,557.0,4558.0,38.0,7.0,7.8,253.0,487.0,2158.0,27.0,4.4,127.0,103.0,797.0,35.0,47.9,7.1,-283.04,0
21,San Francisco 49ers,16.0,376.0,5922.0,1046.0,5.7,31.0,14.0,350.0,371.0,570.0,4033.0,25.0,17.0,6.6,217.0,437.0,1889.0,19.0,4.3,101.0,85.0,731.0,32.0,36.3,14.8,55.7,2020,17,16.0,390.0,5030.0,997.0,5.0,20.0,8.0,311.0,341.0,537.0,3327.0,25.0,12.0,5.9,176.0,430.0,1703.0,12.0,4.0,102.0,79.0,709.0,33.0,38.3,10.4,-16.82,0
22,Los Angeles Rams,16.0,372.0,6032.0,1088.0,5.5,25.0,11.0,352.0,392.0,590.0,4014.0,20.0,14.0,6.5,206.0,473.0,2018.0,19.0,4.3,123.0,71.0,655.0,23.0,34.2,12.5,57.24,2020,1,16.0,296.0,4511.0,989.0,4.6,22.0,8.0,280.0,347.0,548.0,3051.0,17.0,14.0,5.1,170.0,388.0,1460.0,12.0,3.8,91.0,78.0,582.0,19.0,27.9,12.0,85.89,0
23,Chicago Bears,16.0,372.0,5302.0,1043.0,5.1,22.0,6.0,335.0,402.0,614.0,3655.0,26.0,16.0,5.6,218.0,393.0,1647.0,12.0,4.2,93.0,88.0,777.0,24.0,38.9,12.0,34.92,2020,14,16.0,370.0,5519.0,1020.0,5.4,18.0,8.0,331.0,350.0,547.0,3705.0,28.0,10.0,6.4,190.0,438.0,1814.0,11.0,4.1,104.0,95.0,861.0,37.0,38.0,8.9,-90.3,0
24,Carolina Panthers,16.0,350.0,5592.0,993.0,5.6,21.0,5.0,335.0,373.0,550.0,3888.0,16.0,16.0,6.6,192.0,407.0,1704.0,19.0,4.2,110.0,95.0,752.0,33.0,40.3,13.2,81.2,2020,18,16.0,402.0,5761.0,1022.0,5.6,22.0,15.0,360.0,398.0,585.0,3825.0,28.0,7.0,6.2,211.0,408.0,1936.0,17.0,4.7,114.0,85.0,713.0,35.0,46.0,12.4,-125.54,0
25,Washington Football Team,16.0,335.0,5076.0,1051.0,4.8,27.0,11.0,322.0,389.0,601.0,3465.0,16.0,16.0,5.3,184.0,400.0,1611.0,18.0,4.0,108.0,87.0,697.0,30.0,33.3,13.1,-10.43,2020,4,16.0,329.0,4873.0,1004.0,4.9,23.0,7.0,289.0,330.0,529.0,3068.0,21.0,16.0,5.3,161.0,428.0,1805.0,14.0,4.2,100.0,85.0,708.0,28.0,31.4,12.2,32.51,0
26,Philadelphia Eagles,16.0,334.0,5354.0,1066.0,5.0,29.0,9.0,336.0,334.0,598.0,3327.0,22.0,20.0,5.0,177.0,403.0,2027.0,16.0,5.0,114.0,107.0,853.0,45.0,27.9,15.3,-13.65,2020,20,16.0,418.0,5810.0,1060.0,5.5,19.0,11.0,340.0,364.0,530.0,3798.0,27.0,8.0,6.6,209.0,481.0,2012.0,20.0,4.2,98.0,112.0,1036.0,33.0,37.8,9.2,-71.06,0
27,New England Patriots,16.0,326.0,5236.0,979.0,5.3,19.0,5.0,332.0,283.0,440.0,2890.0,12.0,14.0,6.1,157.0,502.0,2346.0,20.0,4.7,143.0,62.0,534.0,32.0,36.9,12.1,55.88,2020,7,16.0,353.0,5660.0,982.0,5.8,22.0,4.0,339.0,333.0,494.0,3557.0,22.0,18.0,6.9,187.0,464.0,2103.0,17.0,4.5,131.0,82.0,639.0,21.0,38.9,14.0,-113.1,0
28,Denver Broncos,16.0,323.0,5369.0,1030.0,5.2,32.0,9.0,308.0,317.0,556.0,3451.0,21.0,23.0,5.9,176.0,442.0,1918.0,13.0,4.3,94.0,81.0,670.0,38.0,33.0,17.0,-21.82,2020,25,16.0,446.0,5887.0,1043.0,5.6,16.0,6.0,333.0,374.0,567.0,3807.0,21.0,10.0,6.3,201.0,434.0,2080.0,22.0,4.8,106.0,106.0,952.0,26.0,44.6,8.2,-92.82,0
29,Cincinnati Bengals,16.0,311.0,5116.0,1040.0,4.9,24.0,13.0,318.0,372.0,581.0,3448.0,19.0,11.0,5.5,201.0,411.0,1668.0,13.0,4.1,92.0,83.0,675.0,25.0,33.0,12.8,-5.13,2020,22,16.0,424.0,6227.0,1021.0,6.1,17.0,6.0,343.0,340.0,541.0,3859.0,32.0,11.0,6.9,192.0,463.0,2368.0,13.0,5.1,126.0,99.0,795.0,25.0,43.3,9.4,-142.2,0
30,Jacksonville Jaguars,16.0,306.0,5218.0,997.0,5.2,25.0,9.0,310.0,387.0,616.0,3699.0,25.0,16.0,5.6,205.0,337.0,1519.0,9.0,4.5,80.0,107.0,1071.0,25.0,30.4,14.0,-6.12,2020,31,16.0,492.0,6683.0,1068.0,6.3,17.0,5.0,394.0,370.0,533.0,4231.0,34.0,12.0,7.7,210.0,517.0,2452.0,23.0,4.7,140.0,78.0,710.0,44.0,47.8,9.2,-228.53,0
31,New York Giants,16.0,280.0,4794.0,966.0,5.0,22.0,11.0,297.0,321.0,517.0,3026.0,12.0,11.0,5.3,178.0,399.0,1768.0,13.0,4.4,91.0,81.0,634.0,28.0,33.5,12.6,-26.79,2020,9,16.0,357.0,5589.0,1046.0,5.3,22.0,11.0,353.0,388.0,574.0,3807.0,22.0,11.0,6.2,215.0,432.0,1782.0,14.0,4.1,115.0,88.0,681.0,23.0,41.5,12.2,-66.94,0
32,New York Jets,16.0,243.0,4479.0,948.0,4.7,19.0,5.0,269.0,292.0,499.0,2796.0,16.0,14.0,5.2,146.0,406.0,1683.0,9.0,4.1,94.0,101.0,952.0,29.0,26.3,10.9,-59.07,2020,26,16.0,457.0,6201.0,1081.0,5.7,19.0,9.0,381.0,418.0,605.0,4409.0,34.0,10.0,6.9,235.0,445.0,1792.0,16.0,4.0,100.0,99.0,899.0,46.0,44.6,10.7,-169.15,0
1,Baltimore Ravens,16.0,531.0,6521.0,1064.0,6.1,15.0,7.0,386.0,289.0,440.0,3225.0,37.0,8.0,6.9,171.0,596.0,3296.0,21.0,5.5,188.0,109.0,867.0,27.0,52.1,8.6,245.99,2019,3,16.0,282.0,4809.0,921.0,5.2,25.0,12.0,276.0,318.0,544.0,3315.0,15.0,13.0,5.7,163.0,340.0,1494.0,12.0,4.4,74.0,97.0,795.0,39.0,32.9,14.6,16.61,0
2,San Francisco 49ers,16.0,479.0,6097.0,1012.0,6.0,23.0,10.0,336.0,331.0,478.0,3792.0,28.0,13.0,7.4,195.0,498.0,2305.0,23.0,4.6,110.0,105.0,939.0,31.0,44.3,12.0,123.17,2019,8,16.0,310.0,4509.0,968.0,4.7,27.0,15.0,285.0,318.0,519.0,2707.0,23.0,12.0,4.8,150.0,401.0,1802.0,11.0,4.5,105.0,116.0,957.0,30.0,29.0,14.2,102.42,0
3,Tampa Bay Buccaneers,16.0,458.0,6366.0,1086.0,5.9,41.0,11.0,353.0,382.0,630.0,4845.0,33.0,30.0,7.2,244.0,409.0,1521.0,15.0,3.7,81.0,133.0,1111.0,28.0,38.3,20.7,44.0,2019,29,16.0,449.0,5503.0,1073.0,5.1,28.0,16.0,331.0,408.0,664.0,4322.0,30.0,12.0,6.1,222.0,362.0,1181.0,11.0,3.3,70.0,111.0,971.0,39.0,39.6,13.5,12.23,0
4,New Orleans Saints,16.0,458.0,5982.0,1011.0,5.9,8.0,2.0,347.0,418.0,581.0,4244.0,36.0,6.0,7.0,230.0,405.0,1738.0,12.0,4.3,97.0,120.0,1036.0,20.0,47.0,4.2,167.04,2019,13,16.0,341.0,5329.0,999.0,5.3,23.0,10.0,311.0,371.0,603.0,3868.0,27.0,13.0,5.9,197.0,345.0,1461.0,12.0,4.2,71.0,92.0,713.0,43.0,34.7,12.7,-41.89,0
5,Kansas City Chiefs,16.0,451.0,6067.0,976.0,6.2,15.0,10.0,350.0,378.0,576.0,4498.0,30.0,5.0,7.5,211.0,375.0,1569.0,16.0,4.2,93.0,107.0,1029.0,46.0,49.4,8.0,217.32,2019,7,16.0,308.0,5594.0,1043.0,5.4,23.0,7.0,344.0,352.0,582.0,3543.0,21.0,16.0,5.7,190.0,416.0,2051.0,14.0,4.9,115.0,116.0,844.0,39.0,34.6,13.6,-54.58,0
6,Dallas Cowboys,16.0,434.0,6904.0,1069.0,6.5,18.0,7.0,379.0,388.0,597.0,4751.0,30.0,11.0,7.7,229.0,449.0,2153.0,18.0,4.8,120.0,109.0,1008.0,30.0,44.6,10.3,214.77,2019,11,16.0,321.0,5232.0,1015.0,5.2,17.0,10.0,327.0,370.0,569.0,3576.0,21.0,7.0,5.9,188.0,407.0,1656.0,14.0,4.1,101.0,102.0,855.0,38.0,35.5,9.9,-36.81,0
7,New England Patriots,16.0,420.0,5664.0,1095.0,5.2,15.0,6.0,338.0,378.0,620.0,3961.0,25.0,9.0,6.1,197.0,447.0,1703.0,17.0,3.8,110.0,94.0,828.0,31.0,36.8,7.6,39.62,2019,1,16.0,225.0,4414.0,948.0,4.7,36.0,11.0,261.0,303.0,536.0,2886.0,13.0,25.0,5.0,150.0,365.0,1528.0,7.0,4.2,72.0,107.0,920.0,39.0,19.4,17.3,165.75,0
8,Minnesota Vikings,16.0,407.0,5656.0,970.0,5.8,20.0,12.0,314.0,319.0,466.0,3523.0,26.0,8.0,7.1,171.0,476.0,2133.0,19.0,4.5,106.0,96.0,895.0,37.0,41.9,10.5,103.01,2019,5,16.0,303.0,5465.0,1053.0,5.2,31.0,14.0,324.0,394.0,601.0,3737.0,23.0,17.0,5.8,215.0,404.0,1728.0,8.0,4.3,78.0,83.0,713.0,31.0,34.5,17.0,-7.88,0
9,Seattle Seahawks,16.0,405.0,5991.0,1046.0,5.7,20.0,14.0,341.0,341.0,517.0,3791.0,31.0,6.0,6.7,190.0,481.0,2200.0,15.0,4.6,121.0,109.0,882.0,30.0,36.9,10.2,90.55,2019,22,16.0,398.0,6106.0,1014.0,6.0,32.0,16.0,346.0,383.0,598.0,4223.0,19.0,16.0,6.7,224.0,388.0,1883.0,22.0,4.9,97.0,96.0,798.0,25.0,37.1,16.3,-92.02,0
10,Tennessee Titans,16.0,402.0,5805.0,949.0,6.1,17.0,9.0,317.0,297.0,448.0,3582.0,29.0,8.0,7.1,177.0,445.0,2223.0,21.0,5.0,104.0,99.0,932.0,36.0,31.7,8.2,113.96,2019,12,16.0,331.0,5752.0,1056.0,5.4,23.0,9.0,335.0,386.0,598.0,4080.0,25.0,14.0,6.4,213.0,415.0,1672.0,14.0,4.0,95.0,125.0,1025.0,27.0,32.1,11.8,-24.68,0
11,Los Angeles Rams,16.0,394.0,5998.0,1055.0,5.7,24.0,7.0,342.0,397.0,632.0,4499.0,22.0,17.0,6.9,222.0,401.0,1499.0,20.0,3.7,92.0,118.0,899.0,28.0,36.0,12.9,42.09,2019,17,16.0,364.0,5434.0,1056.0,5.1,24.0,11.0,324.0,348.0,562.0,3625.0,23.0,13.0,5.9,194.0,444.0,1809.0,15.0,4.1,100.0,105.0,829.0,30.0,33.7,12.7,-11.53,0
12,Philadelphia Eagles,16.0,385.0,5772.0,1104.0,5.2,23.0,15.0,354.0,391.0,613.0,3833.0,27.0,8.0,5.9,215.0,454.0,1939.0,16.0,4.3,104.0,100.0,836.0,35.0,35.5,10.4,67.85,2019,15,16.0,354.0,5307.0,967.0,5.5,20.0,9.0,289.0,348.0,571.0,3865.0,27.0,11.0,6.3,185.0,353.0,1442.0,13.0,4.1,76.0,115.0,959.0,28.0,33.9,10.2,-29.57,0
13,Atlanta Falcons,16.0,381.0,6075.0,1096.0,5.5,25.0,10.0,383.0,459.0,684.0,4714.0,29.0,15.0,6.4,258.0,362.0,1361.0,10.0,3.8,84.0,119.0,956.0,41.0,41.3,13.4,104.51,2019,23,16.0,399.0,5693.0,985.0,5.8,20.0,8.0,330.0,351.0,536.0,3918.0,28.0,12.0,6.9,192.0,421.0,1775.0,13.0,4.2,108.0,127.0,1080.0,30.0,42.8,9.0,-105.34,0
14,Houston Texans,16.0,378.0,5792.0,1017.0,5.7,22.0,8.0,346.0,355.0,534.0,3783.0,27.0,14.0,6.5,203.0,434.0,2009.0,17.0,4.6,112.0,111.0,892.0,31.0,37.7,12.0,121.67,2019,19,16.0,385.0,6213.0,1020.0,6.1,22.0,10.0,346.0,375.0,586.0,4276.0,33.0,12.0,6.9,220.0,403.0,1937.0,12.0,4.8,98.0,109.0,859.0,28.0,39.3,13.1,-160.87,0
15,Green Bay Packers,16.0,376.0,5528.0,1020.0,5.4,13.0,9.0,320.0,356.0,573.0,3733.0,26.0,4.0,6.1,190.0,411.0,1795.0,18.0,4.4,90.0,100.0,774.0,40.0,37.1,6.9,111.93,2019,9,16.0,313.0,5642.0,998.0,5.7,25.0,8.0,310.0,326.0,546.0,3721.0,19.0,17.0,6.3,191.0,411.0,1921.0,15.0,4.7,99.0,97.0,968.0,20.0,34.5,14.1,-45.62,0
16,Arizona Cardinals,16.0,361.0,5467.0,1000.0,5.5,18.0,6.0,314.0,355.0,554.0,3477.0,20.0,12.0,5.8,176.0,396.0,1990.0,18.0,5.0,109.0,121.0,956.0,29.0,38.8,10.1,67.36,2019,28,16.0,442.0,6432.0,1080.0,6.0,17.0,10.0,375.0,421.0,601.0,4510.0,38.0,7.0,7.0,243.0,439.0,1922.0,9.0,4.4,94.0,114.0,1041.0,38.0,42.6,9.5,-174.55,0
17,Indianapolis Colts,16.0,361.0,5238.0,1016.0,5.2,21.0,11.0,340.0,307.0,513.0,3108.0,22.0,10.0,5.7,165.0,471.0,2130.0,17.0,4.5,131.0,79.0,670.0,44.0,36.1,11.4,78.8,2019,18,16.0,373.0,5549.0,986.0,5.6,23.0,8.0,323.0,394.0,562.0,3982.0,29.0,15.0,6.6,207.0,383.0,1567.0,8.0,4.1,93.0,111.0,1040.0,23.0,39.3,13.1,-58.37,0
18,Detroit Lions,16.0,341.0,5549.0,1021.0,5.4,23.0,8.0,313.0,344.0,571.0,3900.0,28.0,15.0,6.4,196.0,407.0,1649.0,7.0,4.1,82.0,113.0,937.0,35.0,33.3,11.7,33.07,2019,26,16.0,423.0,6406.0,1094.0,5.9,18.0,11.0,365.0,381.0,611.0,4551.0,33.0,7.0,7.1,232.0,455.0,1855.0,13.0,4.1,94.0,117.0,960.0,39.0,40.1,9.0,-142.55,0
19,New York Giants,16.0,341.0,5416.0,1012.0,5.4,33.0,16.0,311.0,376.0,607.0,3731.0,30.0,17.0,5.7,187.0,362.0,1685.0,11.0,4.7,89.0,90.0,784.0,35.0,28.3,18.3,-5.3,2019,30,16.0,451.0,6037.0,1061.0,5.7,16.0,6.0,343.0,369.0,556.0,4225.0,30.0,10.0,7.1,211.0,469.0,1812.0,19.0,3.9,100.0,117.0,922.0,32.0,39.7,8.7,-105.11,0
20,Carolina Panthers,16.0,340.0,5469.0,1077.0,5.1,35.0,14.0,335.0,382.0,633.0,3650.0,17.0,21.0,5.3,230.0,386.0,1819.0,20.0,4.7,82.0,87.0,754.0,23.0,32.3,16.9,-24.07,2019,31,16.0,470.0,5992.0,1042.0,5.8,21.0,7.0,355.0,347.0,544.0,3696.0,21.0,14.0,6.2,197.0,445.0,2296.0,31.0,5.2,128.0,109.0,940.0,30.0,41.4,9.4,-116.88,0
21,Los Angeles Chargers,16.0,337.0,5879.0,997.0,5.9,31.0,11.0,349.0,394.0,597.0,4426.0,24.0,20.0,7.0,220.0,366.0,1453.0,12.0,4.0,90.0,103.0,872.0,39.0,39.5,18.5,83.43,2019,14,16.0,345.0,5009.0,923.0,5.4,14.0,3.0,285.0,328.0,464.0,3204.0,21.0,11.0,6.5,156.0,429.0,1805.0,15.0,4.2,101.0,108.0,959.0,28.0,37.3,8.2,-86.11,0
22,Cleveland Browns,16.0,335.0,5455.0,973.0,5.6,28.0,7.0,305.0,318.0,539.0,3554.0,22.0,21.0,6.1,180.0,393.0,1901.0,15.0,4.8,90.0,122.0,1106.0,35.0,34.1,14.8,16.54,2019,20,16.0,393.0,5785.0,1014.0,5.7,20.0,6.0,345.0,318.0,513.0,3470.0,25.0,14.0,6.3,184.0,463.0,2315.0,19.0,5.0,124.0,107.0,836.0,37.0,36.9,11.2,-91.15,0
23,Buffalo Bills,16.0,314.0,5283.0,1018.0,5.2,19.0,7.0,314.0,299.0,513.0,3229.0,21.0,12.0,5.8,162.0,465.0,2054.0,13.0,4.4,120.0,117.0,927.0,32.0,30.6,10.4,9.66,2019,2,16.0,259.0,4772.0,985.0,4.8,23.0,9.0,295.0,348.0,553.0,3123.0,15.0,14.0,5.2,169.0,388.0,1649.0,12.0,4.3,93.0,94.0,815.0,33.0,23.6,12.4,39.85,0
24,Oakland Raiders,16.0,313.0,5819.0,989.0,5.9,17.0,9.0,315.0,367.0,523.0,3926.0,22.0,8.0,7.1,194.0,437.0,1893.0,13.0,4.3,104.0,128.0,1138.0,17.0,32.9,9.9,80.57,2019,24,16.0,419.0,5677.0,963.0,5.9,15.0,6.0,344.0,337.0,526.0,4107.0,33.0,9.0,7.4,201.0,405.0,1570.0,15.0,3.9,91.0,91.0,763.0,52.0,41.2,8.5,-159.71,0
25,Miami Dolphins,16.0,306.0,4960.0,1022.0,4.9,26.0,8.0,315.0,371.0,615.0,3804.0,22.0,18.0,5.7,210.0,349.0,1156.0,10.0,3.3,64.0,92.0,769.0,41.0,30.6,13.3,-23.85,2019,32,16.0,494.0,6364.0,1053.0,6.0,16.0,3.0,361.0,344.0,545.0,4198.0,39.0,13.0,7.4,214.0,485.0,2166.0,15.0,4.5,113.0,111.0,1084.0,34.0,45.6,8.8,-175.02,0
26,Jacksonville Jaguars,16.0,300.0,5468.0,1020.0,5.4,20.0,12.0,298.0,364.0,589.0,3760.0,24.0,8.0,6.0,183.0,389.0,1708.0,3.0,4.4,85.0,132.0,1165.0,30.0,33.9,10.2,-14.15,2019,21,16.0,397.0,6007.0,999.0,6.0,19.0,9.0,340.0,327.0,517.0,3778.0,22.0,10.0,6.7,193.0,435.0,2229.0,23.0,5.1,114.0,102.0,883.0,33.0,37.4,9.2,-120.09,0
27,Pittsburgh Steelers,16.0,289.0,4428.0,937.0,4.7,30.0,11.0,265.0,315.0,510.0,2981.0,18.0,19.0,5.5,147.0,395.0,1447.0,7.0,3.7,75.0,111.0,893.0,43.0,28.6,15.7,-84.56,2019,6,16.0,303.0,4866.0,1030.0,4.7,38.0,18.0,304.0,314.0,514.0,3113.0,23.0,20.0,5.5,164.0,462.0,1753.0,7.0,3.8,110.0,115.0,1118.0,30.0,29.9,19.0,85.78,0
28,Denver Broncos,16.0,282.0,4777.0,954.0,5.0,16.0,6.0,279.0,312.0,504.0,3115.0,16.0,10.0,5.7,162.0,409.0,1662.0,11.0,4.1,77.0,110.0,912.0,40.0,32.9,9.4,-11.61,2019,10,16.0,316.0,5392.0,1003.0,5.4,17.0,7.0,305.0,348.0,537.0,3609.0,19.0,10.0,6.3,175.0,426.0,1783.0,9.0,4.2,96.0,121.0,1041.0,34.0,37.3,8.4,-35.98,0
29,Chicago Bears,16.0,280.0,4749.0,1020.0,4.7,19.0,7.0,297.0,371.0,580.0,3291.0,20.0,12.0,5.3,178.0,395.0,1458.0,8.0,3.7,85.0,103.0,838.0,34.0,29.1,10.5,-38.05,2019,4,16.0,298.0,5186.0,1017.0,5.1,19.0,9.0,306.0,362.0,571.0,3554.0,17.0,10.0,5.9,190.0,414.0,1632.0,16.0,3.9,86.0,113.0,923.0,30.0,31.3,10.8,-4.15,0
30,Cincinnati Bengals,16.0,279.0,5169.0,1049.0,4.9,30.0,14.0,312.0,356.0,616.0,3652.0,18.0,16.0,5.5,191.0,385.0,1517.0,9.0,3.9,85.0,93.0,761.0,36.0,30.3,16.0,-57.73,2019,25,16.0,420.0,6299.0,1034.0,6.1,16.0,5.0,328.0,308.0,499.0,3917.0,25.0,11.0,7.4,183.0,504.0,2382.0,17.0,4.7,124.0,122.0,988.0,21.0,39.8,8.8,-132.66,0
31,New York Jets,16.0,276.0,4368.0,956.0,4.6,25.0,9.0,253.0,323.0,521.0,3111.0,19.0,16.0,5.4,162.0,383.0,1257.0,6.0,3.3,61.0,115.0,1105.0,30.0,23.0,11.5,-108.92,2019,16,16.0,359.0,5170.0,1037.0,5.0,21.0,9.0,302.0,363.0,585.0,3779.0,25.0,12.0,6.1,187.0,417.0,1391.0,12.0,3.3,75.0,107.0,902.0,40.0,34.4,10.1,-0.06,0
32,Washington Redskins,16.0,266.0,4395.0,885.0,5.0,21.0,8.0,248.0,298.0,479.0,2812.0,18.0,13.0,5.3,154.0,356.0,1583.0,9.0,4.4,74.0,106.0,835.0,20.0,30.1,12.1,-82.3,2019,27,16.0,435.0,6162.0,1079.0,5.7,22.0,9.0,354.0,371.0,540.0,3823.0,35.0,13.0,6.5,200.0,493.0,2339.0,14.0,4.7,120.0,94.0,805.0,34.0,41.9,12.2,-135.83,0
1,Kansas City Chiefs,16.0,565.0,6810.0,996.0,6.8,18.0,6.0,384.0,385.0,583.0,4955.0,50.0,12.0,8.1,239.0,387.0,1855.0,16.0,4.8,108.0,137.0,1152.0,37.0,52.6,10.5,298.14,2018,24,16.0,421.0,6488.0,1109.0,5.9,27.0,12.0,419.0,406.0,632.0,4374.0,30.0,15.0,6.4,247.0,425.0,2114.0,19.0,5.0,129.0,107.0,881.0,43.0,40.8,14.9,-163.28,0
2,Los Angeles Rams,16.0,527.0,6738.0,1060.0,6.4,19.0,7.0,401.0,368.0,568.0,4507.0,32.0,12.0,7.5,236.0,459.0,2231.0,23.0,4.9,134.0,96.0,878.0,31.0,48.6,9.8,239.79,2018,20,16.0,384.0,5737.0,960.0,6.0,30.0,12.0,322.0,347.0,533.0,3780.0,31.0,18.0,6.6,185.0,386.0,1957.0,12.0,5.1,101.0,99.0,852.0,36.0,38.2,16.9,-74.04,0
3,New Orleans Saints,16.0,504.0,6067.0,1010.0,6.0,16.0,9.0,377.0,381.0,519.0,4042.0,33.0,7.0,7.5,210.0,471.0,2025.0,26.0,4.3,134.0,94.0,939.0,33.0,51.8,9.5,237.73,2018,14,16.0,353.0,5585.0,978.0,5.7,24.0,12.0,333.0,384.0,573.0,4302.0,30.0,12.0,6.9,224.0,356.0,1283.0,12.0,3.6,72.0,85.0,814.0,37.0,36.0,14.6,-83.8,0
4,New England Patriots,16.0,436.0,6295.0,1073.0,5.9,18.0,7.0,365.0,378.0,574.0,4258.0,29.0,11.0,7.2,206.0,478.0,2037.0,18.0,4.3,131.0,93.0,744.0,28.0,40.8,9.2,190.96,2018,7,16.0,325.0,5746.0,1002.0,5.7,28.0,10.0,322.0,370.0,605.0,3943.0,29.0,18.0,6.2,208.0,367.0,1803.0,7.0,4.9,93.0,91.0,838.0,21.0,32.6,15.0,-32.66,1
5,Indianapolis Colts,16.0,433.0,6179.0,1070.0,5.8,24.0,9.0,371.0,432.0,644.0,4461.0,39.0,15.0,6.7,237.0,408.0,1718.0,13.0,4.2,96.0,120.0,953.0,38.0,41.2,13.2,140.47,2018,10,16.0,344.0,5435.0,997.0,5.5,26.0,11.0,315.0,384.0,542.0,3805.0,21.0,15.0,6.6,203.0,417.0,1630.0,12.0,3.9,87.0,131.0,1115.0,25.0,35.5,14.5,-37.23,0
6,Seattle Seahawks,16.0,428.0,5653.0,1012.0,5.6,11.0,4.0,329.0,280.0,427.0,3093.0,35.0,7.0,6.5,156.0,534.0,2560.0,15.0,4.8,133.0,111.0,959.0,40.0,39.8,6.1,128.78,2018,11,16.0,347.0,5653.0,955.0,5.9,26.0,14.0,323.0,355.0,546.0,3842.0,26.0,12.0,6.5,201.0,366.0,1811.0,9.0,4.9,91.0,108.0,981.0,31.0,35.2,14.2,-61.32,0
7,Los Angeles Chargers,16.0,428.0,5962.0,945.0,6.3,19.0,7.0,338.0,348.0,512.0,4089.0,32.0,12.0,7.5,213.0,399.0,1873.0,16.0,4.7,100.0,113.0,967.0,25.0,42.4,10.0,170.19,2018,8,16.0,329.0,5339.0,981.0,5.4,20.0,7.0,311.0,351.0,548.0,3646.0,23.0,13.0,6.2,178.0,395.0,1693.0,11.0,4.3,101.0,103.0,828.0,32.0,33.7,11.8,-38.61,0
8,Pittsburgh Steelers,16.0,428.0,6453.0,1058.0,6.1,26.0,9.0,378.0,459.0,689.0,5008.0,35.0,17.0,7.0,251.0,345.0,1445.0,16.0,4.2,88.0,111.0,1026.0,39.0,36.8,14.3,156.16,2018,17,16.0,360.0,5235.0,987.0,5.3,15.0,7.0,317.0,362.0,566.0,3697.0,27.0,8.0,6.0,200.0,369.0,1538.0,13.0,4.2,84.0,136.0,1170.0,33.0,33.7,8.2,-52.4,0
9,Chicago Bears,16.0,421.0,5502.0,1013.0,5.4,24.0,10.0,331.0,344.0,512.0,3564.0,28.0,14.0,6.5,177.0,468.0,1938.0,16.0,4.1,108.0,97.0,796.0,46.0,36.8,13.2,96.31,2018,1,16.0,283.0,4795.0,1004.0,4.8,36.0,9.0,278.0,377.0,615.0,3515.0,22.0,27.0,5.3,186.0,339.0,1280.0,5.0,3.8,67.0,114.0,1022.0,25.0,28.6,19.5,95.5,0
10,Atlanta Falcons,16.0,414.0,6226.0,1010.0,6.2,18.0,11.0,352.0,428.0,617.0,4653.0,36.0,7.0,7.1,238.0,351.0,1573.0,11.0,4.5,84.0,101.0,899.0,30.0,42.9,10.7,155.08,2018,25,16.0,423.0,6152.0,1031.0,6.0,19.0,4.0,375.0,398.0,585.0,4153.0,33.0,15.0,6.7,226.0,409.0,1999.0,16.0,4.9,115.0,108.0,1001.0,34.0,41.5,10.5,-159.71,0
11,Houston Texans,16.0,402.0,5802.0,1040.0,5.6,16.0,7.0,333.0,345.0,506.0,3781.0,26.0,9.0,6.7,202.0,472.0,2021.0,12.0,4.3,94.0,105.0,787.0,37.0,40.3,8.1,84.1,2018,4,16.0,316.0,5490.0,1022.0,5.4,29.0,14.0,298.0,385.0,594.0,4167.0,28.0,15.0,6.5,200.0,385.0,1323.0,8.0,3.4,76.0,117.0,945.0,22.0,31.6,13.9,-10.29,0
12,Tampa Bay Buccaneers,16.0,396.0,6648.0,1055.0,6.3,35.0,9.0,388.0,408.0,625.0,5125.0,36.0,26.0,7.7,265.0,389.0,1523.0,11.0,3.9,80.0,117.0,975.0,43.0,37.0,19.0,121.14,2018,31,16.0,464.0,6134.0,998.0,6.1,17.0,8.0,356.0,387.0,534.0,4151.0,34.0,9.0,7.3,209.0,426.0,1983.0,19.0,4.7,122.0,127.0,1156.0,25.0,40.7,8.2,-152.18,0
13,Baltimore Ravens,16.0,389.0,5999.0,1135.0,5.3,20.0,11.0,367.0,334.0,556.0,3558.0,18.0,9.0,6.1,184.0,547.0,2441.0,19.0,4.5,153.0,116.0,940.0,30.0,40.7,10.7,72.85,2018,2,16.0,287.0,4687.0,974.0,4.8,17.0,5.0,286.0,337.0,577.0,3360.0,21.0,12.0,5.4,174.0,354.0,1327.0,11.0,3.7,82.0,113.0,1017.0,30.0,29.1,9.5,39.88,0
14,Green Bay Packers,16.0,376.0,5905.0,1026.0,5.8,15.0,11.0,332.0,392.0,640.0,4238.0,25.0,4.0,6.1,208.0,333.0,1667.0,14.0,5.0,98.0,108.0,937.0,26.0,38.8,6.7,108.88,2018,22,16.0,400.0,5670.0,1017.0,5.6,15.0,8.0,331.0,336.0,527.0,3752.0,30.0,7.0,6.6,199.0,446.0,1918.0,15.0,4.3,100.0,97.0,792.0,32.0,37.9,8.2,-105.4,0
15,Carolina Panthers,16.0,376.0,5972.0,1011.0,5.9,22.0,6.0,356.0,378.0,563.0,3836.0,28.0,16.0,6.4,212.0,416.0,2136.0,17.0,5.1,117.0,92.0,818.0,27.0,37.0,12.1,117.24,2018,19,16.0,382.0,5651.0,948.0,6.0,23.0,10.0,315.0,353.0,529.0,3847.0,32.0,13.0,6.8,185.0,384.0,1804.0,13.0,4.7,110.0,91.0,805.0,20.0,38.0,12.9,-112.34,0
16,New York Giants,16.0,369.0,5697.0,984.0,5.8,19.0,7.0,297.0,382.0,583.0,4047.0,23.0,12.0,6.4,208.0,354.0,1650.0,13.0,4.7,71.0,114.0,951.0,18.0,38.4,9.6,70.53,2018,23,16.0,412.0,5942.0,1034.0,5.7,21.0,5.0,346.0,362.0,560.0,4044.0,24.0,16.0,6.9,205.0,444.0,1898.0,18.0,4.3,103.0,110.0,919.0,38.0,40.9,11.6,-107.2,0
17,Cincinnati Bengals,16.0,368.0,4972.0,938.0,5.3,17.0,4.0,304.0,331.0,542.0,3290.0,27.0,13.0,5.7,182.0,359.0,1682.0,13.0,4.7,92.0,114.0,957.0,30.0,35.5,9.6,47.57,2018,30,16.0,455.0,6618.0,1084.0,6.1,18.0,6.0,372.0,389.0,584.0,4414.0,32.0,12.0,7.1,221.0,466.0,2204.0,17.0,4.7,125.0,113.0,944.0,26.0,46.3,10.2,-164.84,0
18,Philadelphia Eagles,16.0,367.0,5845.0,1037.0,5.6,23.0,12.0,346.0,422.0,599.0,4275.0,29.0,11.0,6.7,221.0,398.0,1570.0,12.0,3.9,94.0,100.0,852.0,31.0,38.1,12.5,91.97,2018,12,16.0,348.0,5859.0,1002.0,5.8,17.0,7.0,308.0,417.0,626.0,4308.0,22.0,10.0,6.4,215.0,332.0,1551.0,14.0,4.7,71.0,115.0,995.0,22.0,38.6,9.1,-90.19,0
19,Minnesota Vikings,16.0,360.0,5529.0,1003.0,5.5,20.0,10.0,310.0,425.0,606.0,4036.0,30.0,10.0,6.2,218.0,357.0,1493.0,9.0,4.2,66.0,92.0,779.0,26.0,32.4,10.6,7.47,2018,9,16.0,341.0,4955.0,993.0,5.0,20.0,8.0,303.0,315.0,503.0,3140.0,15.0,12.0,5.7,160.0,440.0,1815.0,13.0,4.1,107.0,106.0,834.0,36.0,33.7,10.5,23.15,0
20,Cleveland Browns,16.0,359.0,5900.0,1023.0,5.8,24.0,7.0,314.0,353.0,574.0,4007.0,29.0,17.0,6.5,189.0,411.0,1893.0,15.0,4.6,93.0,112.0,894.0,32.0,31.2,11.4,36.91,2018,21,16.0,392.0,6288.0,1122.0,5.6,31.0,14.0,377.0,393.0,626.0,4125.0,21.0,17.0,6.2,216.0,459.0,2163.0,20.0,4.7,130.0,119.0,990.0,31.0,35.3,15.4,-46.08,0
21,San Francisco 49ers,16.0,342.0,5769.0,1003.0,5.8,32.0,12.0,344.0,331.0,532.0,3867.0,26.0,20.0,6.7,201.0,423.0,1902.0,7.0,4.5,98.0,112.0,982.0,45.0,37.0,17.1,20.95,2018,28,16.0,435.0,5546.0,1023.0,5.4,7.0,5.0,337.0,344.0,542.0,3732.0,35.0,2.0,6.4,195.0,444.0,1814.0,13.0,4.1,104.0,117.0,1011.0,38.0,39.8,3.9,-126.92,0
22,Dallas Cowboys,16.0,339.0,5501.0,1022.0,5.4,17.0,9.0,322.0,356.0,527.0,3538.0,22.0,8.0,6.1,184.0,439.0,1963.0,13.0,4.5,113.0,104.0,885.0,25.0,37.9,10.1,83.04,2018,6,16.0,324.0,5268.0,981.0,5.4,20.0,11.0,309.0,367.0,542.0,3755.0,22.0,9.0,6.5,193.0,400.0,1513.0,12.0,3.8,89.0,89.0,681.0,27.0,36.5,12.0,-52.66,0
23,New York Jets,16.0,333.0,4787.0,971.0,4.9,30.0,11.0,258.0,299.0,524.0,3165.0,18.0,19.0,5.6,157.0,410.0,1622.0,11.0,4.0,84.0,114.0,948.0,17.0,32.0,14.7,-97.45,2018,29,16.0,441.0,6086.0,1061.0,5.7,20.0,7.0,343.0,367.0,582.0,4065.0,29.0,13.0,6.5,201.0,440.0,2021.0,16.0,4.6,104.0,95.0,817.0,38.0,39.1,9.9,-73.31,0
24,Denver Broncos,16.0,329.0,5602.0,1015.0,5.5,21.0,6.0,320.0,367.0,588.0,3695.0,19.0,15.0,5.9,181.0,393.0,1907.0,18.0,4.9,107.0,125.0,985.0,32.0,30.6,11.3,24.23,2018,13,16.0,349.0,5842.0,1022.0,5.7,28.0,11.0,318.0,353.0,549.0,3929.0,26.0,17.0,6.6,197.0,429.0,1913.0,11.0,4.5,85.0,123.0,1006.0,36.0,34.1,14.1,-39.47,0
25,Detroit Lions,16.0,324.0,5236.0,1019.0,5.1,19.0,7.0,325.0,375.0,574.0,3576.0,22.0,12.0,5.8,201.0,404.0,1660.0,11.0,4.1,91.0,94.0,852.0,33.0,35.3,11.0,39.87,2018,16,16.0,360.0,5360.0,942.0,5.7,14.0,7.0,315.0,323.0,496.0,3599.0,29.0,7.0,6.7,191.0,403.0,1761.0,11.0,4.4,88.0,94.0,886.0,36.0,34.5,7.0,-100.68,0
26,Miami Dolphins,16.0,319.0,4638.0,878.0,5.3,23.0,10.0,252.0,292.0,455.0,2900.0,26.0,13.0,5.7,153.0,371.0,1738.0,7.0,4.7,75.0,108.0,978.0,24.0,28.3,12.5,-40.39,2018,27,16.0,433.0,6257.0,1024.0,6.1,28.0,7.0,350.0,335.0,508.0,3932.0,31.0,21.0,7.3,195.0,485.0,2325.0,17.0,4.8,116.0,107.0,856.0,39.0,39.9,14.2,-124.79,0
27,Tennessee Titans,16.0,310.0,5002.0,940.0,5.3,18.0,6.0,289.0,293.0,437.0,2975.0,16.0,12.0,6.1,156.0,456.0,2027.0,15.0,4.4,106.0,82.0,727.0,27.0,34.9,10.2,10.48,2018,3,16.0,303.0,5334.0,1001.0,5.3,17.0,6.0,298.0,337.0,533.0,3471.0,21.0,11.0,6.1,182.0,429.0,1863.0,9.0,4.3,98.0,120.0,984.0,18.0,33.1,9.9,-22.13,0
28,Oakland Raiders,16.0,290.0,5379.0,995.0,5.4,24.0,14.0,300.0,382.0,556.0,3751.0,19.0,10.0,6.2,197.0,387.0,1628.0,9.0,4.2,86.0,110.0,965.0,17.0,31.3,13.6,-17.92,2018,32,16.0,467.0,6102.0,973.0,6.3,17.0,3.0,317.0,299.0,480.0,3853.0,36.0,14.0,7.8,178.0,480.0,2249.0,16.0,4.7,108.0,117.0,991.0,31.0,44.3,9.8,-172.07,0
29,Washington Redskins,16.0,281.0,4795.0,967.0,5.0,19.0,4.0,280.0,311.0,509.0,3021.0,16.0,15.0,5.5,156.0,414.0,1774.0,12.0,4.3,96.0,115.0,1008.0,28.0,31.8,11.2,-34.07,2018,15,16.0,359.0,5654.0,996.0,5.7,26.0,11.0,330.0,362.0,537.0,3794.0,27.0,15.0,6.5,197.0,413.0,1860.0,12.0,4.5,109.0,102.0,791.0,24.0,35.1,14.6,-87.52,0
30,Buffalo Bills,16.0,269.0,4778.0,1008.0,4.7,32.0,9.0,283.0,271.0,499.0,2794.0,13.0,23.0,5.2,137.0,468.0,1984.0,15.0,4.2,108.0,116.0,992.0,38.0,26.4,15.5,-104.81,2018,18,16.0,374.0,4706.0,968.0,4.9,27.0,11.0,293.0,313.0,492.0,2867.0,22.0,16.0,5.4,157.0,440.0,1839.0,17.0,4.2,111.0,99.0,976.0,25.0,33.3,14.3,20.12,0
31,Jacksonville Jaguars,16.0,245.0,4832.0,1005.0,4.8,29.0,16.0,277.0,329.0,536.0,3109.0,15.0,13.0,5.3,164.0,416.0,1723.0,7.0,4.1,92.0,121.0,1112.0,21.0,25.0,15.6,-98.17,2018,5,16.0,316.0,4983.0,970.0,5.1,17.0,6.0,288.0,312.0,499.0,3113.0,17.0,11.0,5.8,162.0,434.0,1870.0,16.0,4.3,89.0,92.0,735.0,37.0,33.1,8.3,4.66,0
32,Arizona Cardinals,16.0,225.0,3865.0,902.0,4.3,28.0,10.0,239.0,283.0,495.0,2523.0,15.0,18.0,4.6,137.0,355.0,1342.0,9.0,3.8,76.0,101.0,786.0,26.0,19.3,15.0,-155.06,2018,26,16.0,425.0,5741.0,1065.0,5.4,16.0,9.0,357.0,342.0,506.0,3262.0,21.0,7.0,5.9,186.0,510.0,2479.0,25.0,4.9,139.0,100.0,790.0,32.0,38.0,8.6,-85.72,0
1,Los Angeles Rams,16.0,478.0,5784.0,1000.0,5.8,21.0,14.0,311.0,320.0,518.0,3831.0,28.0,7.0,7.0,185.0,454.0,1953.0,17.0,4.3,97.0,107.0,922.0,29.0,45.3,9.5,-43.18,2017,12,16.0,329.0,5432.0,1021.0,5.3,28.0,10.0,300.0,324.0,555.0,3475.0,21.0,18.0,5.8,181.0,418.0,1957.0,15.0,4.7,86.0,102.0,808.0,33.0,30.6,14.0,100.44,0
2,New England Patriots,16.0,458.0,6307.0,1070.0,5.9,12.0,4.0,389.0,389.0,587.0,4418.0,32.0,8.0,7.1,232.0,448.0,1889.0,16.0,4.2,107.0,95.0,835.0,50.0,49.4,6.9,114.84,2017,5,16.0,296.0,5856.0,1022.0,5.7,18.0,6.0,325.0,367.0,590.0,4020.0,24.0,12.0,6.4,204.0,390.0,1836.0,6.0,4.7,98.0,111.0,1035.0,23.0,30.2,9.9,12.09,0
3,Philadelphia Eagles,16.0,457.0,5852.0,1073.0,5.5,20.0,11.0,338.0,341.0,564.0,3737.0,38.0,9.0,6.2,193.0,473.0,2115.0,9.0,4.5,108.0,116.0,962.0,37.0,40.3,9.4,21.06,2017,4,16.0,295.0,4904.0,976.0,5.0,31.0,12.0,272.0,363.0,601.0,3637.0,24.0,19.0,5.7,177.0,337.0,1267.0,7.0,3.8,62.0,101.0,917.0,33.0,27.1,15.4,162.09,1
4,New Orleans Saints,16.0,448.0,6259.0,1000.0,6.3,18.0,10.0,332.0,386.0,536.0,4189.0,23.0,8.0,7.5,201.0,444.0,2070.0,23.0,4.7,111.0,105.0,967.0,20.0,44.6,9.1,7.38,2017,10,16.0,326.0,5384.0,1002.0,5.4,25.0,5.0,308.0,329.0,554.0,3597.0,22.0,20.0,6.0,172.0,406.0,1787.0,11.0,4.4,92.0,108.0,850.0,44.0,33.3,13.6,64.3,0
5,Jacksonville Jaguars,16.0,417.0,5855.0,1078.0,5.4,23.0,10.0,332.0,316.0,527.0,3593.0,21.0,13.0,6.5,193.0,527.0,2262.0,18.0,4.3,101.0,112.0,936.0,38.0,34.7,11.1,-36.01,2017,2,16.0,268.0,4578.0,993.0,4.6,33.0,12.0,257.0,289.0,509.0,2718.0,17.0,21.0,4.8,143.0,429.0,1860.0,9.0,4.3,91.0,112.0,1050.0,23.0,23.9,15.6,252.15,0
6,Kansas City Chiefs,16.0,415.0,6007.0,985.0,6.1,11.0,3.0,322.0,363.0,543.0,4104.0,26.0,8.0,7.1,198.0,405.0,1903.0,12.0,4.7,95.0,118.0,1044.0,29.0,44.9,6.3,-22.58,2017,15,16.0,339.0,5842.0,1044.0,5.6,26.0,10.0,352.0,325.0,570.0,3952.0,23.0,16.0,6.6,204.0,443.0,1890.0,15.0,4.3,112.0,107.0,864.0,36.0,33.5,13.4,37.66,0
7,Detroit Lions,16.0,410.0,5404.0,980.0,5.5,22.0,11.0,296.0,374.0,570.0,4183.0,29.0,11.0,6.8,210.0,363.0,1221.0,10.0,3.4,58.0,104.0,968.0,28.0,37.3,11.9,-93.68,2017,21,16.0,376.0,5692.0,1037.0,5.5,32.0,13.0,349.0,366.0,570.0,3892.0,21.0,19.0,6.4,205.0,432.0,1800.0,18.0,4.2,109.0,110.0,971.0,35.0,32.3,16.1,122.96,0
8,Pittsburgh Steelers,16.0,406.0,6047.0,1051.0,5.8,20.0,5.0,348.0,384.0,590.0,4380.0,29.0,15.0,7.1,217.0,437.0,1667.0,12.0,3.8,96.0,101.0,897.0,35.0,43.0,10.6,-32.55,2017,7,16.0,308.0,4910.0,940.0,5.2,22.0,6.0,270.0,297.0,499.0,3217.0,20.0,16.0,5.8,157.0,385.0,1693.0,14.0,4.4,89.0,110.0,1041.0,24.0,30.3,12.4,31.72,0
9,Baltimore Ravens,16.0,395.0,4886.0,1054.0,4.6,17.0,4.0,311.0,363.0,567.0,3030.0,20.0,13.0,5.1,168.0,460.0,1856.0,14.0,4.0,111.0,91.0,749.0,32.0,36.5,8.9,-132.06,2017,6,16.0,303.0,5201.0,1045.0,5.0,34.0,12.0,296.0,333.0,569.0,3421.0,18.0,22.0,5.6,179.0,435.0,1780.0,12.0,4.1,87.0,96.0,807.0,30.0,29.7,17.4,181.55,0
10,Minnesota Vikings,16.0,382.0,5710.0,1055.0,5.4,14.0,6.0,334.0,357.0,527.0,3753.0,25.0,8.0,6.8,196.0,501.0,1957.0,15.0,3.9,100.0,100.0,949.0,38.0,38.9,7.6,-54.08,2017,1,16.0,252.0,4415.0,956.0,4.6,19.0,5.0,260.0,324.0,555.0,3078.0,13.0,14.0,5.2,168.0,364.0,1337.0,10.0,3.7,59.0,105.0,928.0,33.0,27.9,10.1,145.07,0
11,Seattle Seahawks,16.0,366.0,5286.0,1007.0,5.2,17.0,5.0,299.0,340.0,555.0,3657.0,34.0,12.0,6.1,183.0,409.0,1629.0,4.0,4.0,85.0,148.0,1342.0,31.0,30.5,8.6,-78.12,2017,14,16.0,332.0,5171.0,1045.0,4.9,25.0,11.0,316.0,325.0,554.0,3347.0,19.0,14.0,5.6,181.0,452.0,1824.0,14.0,4.0,90.0,102.0,878.0,45.0,33.2,11.9,125.66,0
12,Carolina Panthers,16.0,363.0,5179.0,1026.0,5.0,22.0,6.0,320.0,293.0,501.0,3077.0,22.0,16.0,5.7,167.0,490.0,2102.0,15.0,4.3,121.0,83.0,682.0,32.0,37.4,11.7,-100.34,2017,11,16.0,327.0,5074.0,953.0,5.3,21.0,11.0,282.0,351.0,550.0,3665.0,25.0,10.0,6.1,187.0,353.0,1409.0,7.0,4.0,69.0,101.0,867.0,26.0,33.9,11.7,102.03,0
13,Los Angeles Chargers,16.0,355.0,6026.0,1020.0,5.9,15.0,4.0,337.0,366.0,583.0,4431.0,28.0,11.0,7.4,220.0,419.0,1595.0,10.0,3.8,84.0,108.0,927.0,33.0,33.3,8.5,-17.69,2017,3,16.0,272.0,5254.0,997.0,5.3,27.0,9.0,282.0,329.0,524.0,3156.0,17.0,18.0,5.6,153.0,430.0,2098.0,11.0,4.9,99.0,109.0,996.0,30.0,28.5,15.1,120.25,0
14,Dallas Cowboys,16.0,354.0,5311.0,1005.0,5.3,22.0,9.0,314.0,309.0,493.0,3141.0,22.0,13.0,6.0,162.0,480.0,2170.0,18.0,4.5,127.0,97.0,939.0,25.0,36.3,11.1,-40.65,2017,13,16.0,332.0,5089.0,1000.0,5.1,21.0,11.0,312.0,371.0,559.0,3425.0,28.0,10.0,5.7,181.0,403.0,1664.0,7.0,4.1,96.0,107.0,880.0,35.0,31.6,10.5,29.89,0
15,Atlanta Falcons,16.0,353.0,5837.0,984.0,5.9,18.0,6.0,330.0,343.0,530.0,3990.0,21.0,12.0,7.2,200.0,430.0,1847.0,12.0,4.3,101.0,102.0,918.0,29.0,41.2,10.3,-46.05,2017,8,16.0,315.0,5094.0,994.0,5.1,16.0,8.0,323.0,362.0,553.0,3429.0,22.0,8.0,5.8,197.0,402.0,1665.0,9.0,4.1,97.0,103.0,880.0,29.0,36.0,9.1,127.47,0
16,Washington Redskins,16.0,342.0,5199.0,982.0,5.3,27.0,14.0,278.0,347.0,540.0,3751.0,27.0,13.0,6.5,191.0,401.0,1448.0,10.0,3.6,66.0,92.0,733.0,21.0,31.9,12.6,-95.51,2017,28,16.0,388.0,5566.0,1045.0,5.3,23.0,7.0,307.0,306.0,531.0,3420.0,23.0,16.0,6.0,171.0,472.0,2146.0,13.0,4.5,105.0,100.0,887.0,31.0,35.9,11.8,120.68,0
17,Houston Texans,16.0,338.0,5120.0,1027.0,5.0,28.0,11.0,313.0,299.0,525.0,3278.0,28.0,17.0,5.7,180.0,448.0,1842.0,8.0,4.1,86.0,124.0,1050.0,47.0,29.2,14.6,-78.81,2017,32,16.0,436.0,5546.0,973.0,5.7,16.0,5.0,301.0,321.0,501.0,3799.0,30.0,11.0,7.1,176.0,440.0,1747.0,14.0,4.0,88.0,122.0,1128.0,37.0,39.7,7.7,47.22,0
18,Tampa Bay Buccaneers,16.0,335.0,5814.0,1035.0,5.6,27.0,13.0,352.0,378.0,605.0,4366.0,26.0,14.0,6.8,243.0,390.0,1448.0,8.0,3.7,76.0,104.0,795.0,33.0,33.7,15.4,-52.32,2017,24,16.0,382.0,6049.0,1011.0,6.0,26.0,13.0,327.0,371.0,549.0,4169.0,22.0,13.0,7.3,202.0,440.0,1880.0,17.0,4.3,102.0,109.0,937.0,23.0,38.9,13.1,50.69,0
19,Tennessee Titans,16.0,334.0,5024.0,974.0,5.2,25.0,8.0,290.0,306.0,496.0,3191.0,14.0,17.0,6.0,157.0,443.0,1833.0,18.0,4.1,97.0,85.0,785.0,36.0,35.1,12.6,-134.32,2017,17,16.0,356.0,5248.0,1046.0,5.0,21.0,9.0,323.0,369.0,605.0,3828.0,27.0,12.0,5.9,231.0,398.0,1420.0,5.0,3.6,68.0,119.0,942.0,24.0,37.3,10.8,77.51,0
20,San Francisco 49ers,16.0,331.0,5587.0,1058.0,5.3,23.0,8.0,321.0,362.0,607.0,3925.0,15.0,15.0,6.0,206.0,408.0,1662.0,15.0,4.1,88.0,123.0,988.0,27.0,37.5,12.0,-173.95,2017,25,16.0,383.0,5625.0,1065.0,5.3,20.0,10.0,343.0,344.0,544.0,3764.0,27.0,10.0,6.6,198.0,491.0,1861.0,13.0,3.8,108.0,97.0,791.0,37.0,37.8,10.1,25.99,0
21,Green Bay Packers,16.0,320.0,4891.0,999.0,4.9,25.0,7.0,307.0,352.0,562.0,3167.0,25.0,18.0,5.2,176.0,386.0,1724.0,13.0,4.5,99.0,96.0,789.0,32.0,30.5,13.2,-61.83,2017,26,16.0,384.0,5582.0,1014.0,5.5,22.0,11.0,331.0,348.0,513.0,3789.0,30.0,11.0,6.9,211.0,464.0,1793.0,10.0,3.9,95.0,94.0,832.0,25.0,40.2,11.5,16.38,0
22,Buffalo Bills,16.0,302.0,4842.0,1010.0,4.8,16.0,6.0,278.0,289.0,476.0,2825.0,16.0,10.0,5.4,149.0,487.0,2017.0,12.0,4.1,105.0,98.0,872.0,24.0,31.7,8.9,-156.16,2017,18,16.0,359.0,5682.0,1066.0,5.3,25.0,7.0,348.0,370.0,573.0,3688.0,14.0,18.0,6.1,199.0,466.0,1994.0,22.0,4.3,121.0,97.0,873.0,28.0,37.2,13.1,86.45,0
23,Oakland Raiders,16.0,301.0,5185.0,952.0,5.4,28.0,14.0,287.0,347.0,558.0,3631.0,23.0,14.0,6.2,178.0,370.0,1554.0,13.0,4.2,78.0,114.0,1009.0,31.0,29.2,15.2,-84.71,2017,20,16.0,373.0,5601.0,994.0,5.6,14.0,9.0,304.0,361.0,530.0,3858.0,24.0,5.0,6.9,187.0,433.0,1743.0,11.0,4.0,93.0,102.0,944.0,24.0,40.9,7.0,11.52,0
24,New York Jets,16.0,298.0,4884.0,984.0,5.0,24.0,12.0,269.0,323.0,510.0,3182.0,19.0,12.0,5.7,157.0,427.0,1702.0,13.0,4.0,77.0,119.0,1035.0,35.0,28.6,11.1,-119.83,2017,22,16.0,382.0,5636.0,1052.0,5.4,20.0,9.0,329.0,329.0,558.0,3749.0,30.0,11.0,6.4,191.0,466.0,1887.0,13.0,4.0,88.0,114.0,981.0,50.0,33.3,10.4,41.98,0
25,Arizona Cardinals,16.0,295.0,5026.0,1060.0,4.7,25.0,7.0,310.0,339.0,598.0,3640.0,21.0,18.0,5.6,200.0,410.0,1386.0,6.0,3.4,66.0,110.0,880.0,44.0,29.2,12.4,-185.97,2017,19,16.0,361.0,4973.0,1008.0,4.9,21.0,6.0,283.0,343.0,564.0,3541.0,24.0,15.0,5.9,187.0,407.0,1432.0,12.0,3.5,68.0,129.0,1128.0,28.0,31.5,10.5,143.08,0
26,Cincinnati Bengals,16.0,290.0,4488.0,927.0,4.8,23.0,11.0,267.0,304.0,510.0,3122.0,25.0,12.0,5.7,165.0,377.0,1366.0,6.0,3.6,72.0,110.0,1027.0,30.0,26.5,11.4,-108.45,2017,16,16.0,349.0,5425.0,1091.0,5.0,14.0,3.0,325.0,336.0,561.0,3379.0,20.0,11.0,5.6,173.0,489.0,2046.0,13.0,4.2,111.0,106.0,906.0,41.0,37.0,7.6,159.55,0
27,Denver Broncos,16.0,289.0,5185.0,1075.0,4.8,34.0,12.0,297.0,332.0,566.0,3333.0,19.0,22.0,5.4,180.0,457.0,1852.0,8.0,4.1,92.0,113.0,885.0,25.0,26.4,16.6,-165.14,2017,23,16.0,382.0,4640.0,952.0,4.9,17.0,7.0,266.0,294.0,491.0,3210.0,29.0,10.0,6.1,166.0,428.0,1430.0,9.0,3.3,68.0,89.0,821.0,32.0,32.5,8.8,131.2,0
28,Miami Dolphins,16.0,281.0,4923.0,995.0,4.9,29.0,8.0,284.0,373.0,602.0,3535.0,24.0,21.0,5.6,187.0,360.0,1388.0,4.0,3.9,66.0,137.0,1154.0,31.0,25.8,15.3,-156.17,2017,29,16.0,393.0,5371.0,989.0,5.4,15.0,6.0,319.0,339.0,528.0,3603.0,26.0,9.0,6.5,190.0,431.0,1768.0,14.0,4.1,88.0,122.0,1077.0,41.0,36.6,8.1,61.09,0
29,Chicago Bears,16.0,264.0,4599.0,934.0,4.9,22.0,10.0,266.0,291.0,473.0,2811.0,13.0,12.0,5.5,144.0,422.0,1788.0,13.0,4.2,92.0,115.0,943.0,30.0,24.1,12.1,-115.2,2017,9,16.0,320.0,5106.0,1003.0,5.1,22.0,14.0,298.0,343.0,529.0,3376.0,18.0,8.0,5.9,180.0,432.0,1730.0,10.0,4.0,85.0,118.0,910.0,33.0,33.1,11.2,129.87,0
30,Indianapolis Colts,16.0,263.0,4553.0,994.0,4.6,15.0,6.0,267.0,285.0,487.0,2892.0,13.0,9.0,5.3,148.0,451.0,1661.0,11.0,3.7,94.0,92.0,779.0,25.0,29.4,8.3,-189.77,2017,30,16.0,404.0,5873.0,1026.0,5.7,20.0,7.0,324.0,320.0,513.0,3946.0,23.0,13.0,7.3,192.0,488.0,1927.0,15.0,3.9,99.0,102.0,822.0,33.0,39.7,10.3,5.01,0
31,New York Giants,16.0,246.0,5028.0,1036.0,4.9,22.0,8.0,271.0,373.0,608.0,3479.0,20.0,14.0,5.4,178.0,394.0,1549.0,6.0,3.9,66.0,91.0,895.0,27.0,22.7,11.3,-167.56,2017,27,16.0,388.0,5971.0,1052.0,5.7,19.0,6.0,313.0,347.0,561.0,4038.0,32.0,13.0,6.9,189.0,464.0,1933.0,10.0,4.2,101.0,115.0,923.0,23.0,35.5,9.6,95.0,0
32,Cleveland Browns,16.0,234.0,4942.0,1008.0,4.9,41.0,13.0,290.0,312.0,574.0,3228.0,15.0,28.0,5.2,157.0,384.0,1714.0,11.0,4.5,97.0,110.0,924.0,36.0,22.0,21.0,-233.13,2017,31,16.0,410.0,5250.0,1026.0,5.1,13.0,6.0,315.0,360.0,525.0,3684.0,28.0,7.0,6.6,189.0,467.0,1566.0,14.0,3.4,95.0,101.0,906.0,31.0,36.2,6.9,13.99,0
1,Atlanta Falcons,16.0,540.0,6653.0,995.0,6.7,11.0,4.0,379.0,374.0,537.0,4725.0,38.0,7.0,8.2,239.0,421.0,1928.0,20.0,4.6,108.0,104.0,848.0,32.0,52.6,6.3,212.07,2016,27,16.0,406.0,5939.0,1059.0,5.6,22.0,10.0,358.0,422.0,655.0,4267.0,31.0,12.0,6.2,232.0,370.0,1672.0,15.0,4.5,95.0,113.0,974.0,31.0,39.2,11.4,-34.14,0
2,New Orleans Saints,16.0,469.0,6816.0,1105.0,6.2,24.0,9.0,395.0,472.0,674.0,5074.0,38.0,15.0,7.2,265.0,404.0,1742.0,17.0,4.3,105.0,107.0,969.0,25.0,45.9,12.7,76.86,2016,31,16.0,454.0,6006.0,1008.0,6.0,21.0,12.0,353.0,378.0,582.0,4380.0,27.0,9.0,7.2,230.0,396.0,1626.0,19.0,4.1,91.0,104.0,881.0,32.0,45.3,12.2,-61.65,0
3,New England Patriots,16.0,441.0,6180.0,1056.0,5.9,11.0,9.0,351.0,368.0,550.0,4308.0,32.0,2.0,7.5,203.0,482.0,1872.0,19.0,3.9,109.0,93.0,819.0,39.0,42.9,4.9,113.38,2016,1,16.0,250.0,5223.0,998.0,5.2,23.0,10.0,294.0,368.0,596.0,3806.0,21.0,13.0,6.0,190.0,368.0,1417.0,6.0,3.9,81.0,113.0,930.0,23.0,26.8,11.2,108.15,1
4,Green Bay Packers,16.0,432.0,5900.0,1029.0,5.7,17.0,9.0,349.0,403.0,620.0,4199.0,40.0,8.0,6.4,222.0,374.0,1701.0,11.0,4.5,91.0,100.0,827.0,36.0,43.8,9.1,115.16,2016,21,16.0,388.0,5823.0,987.0,5.9,25.0,8.0,329.0,370.0,571.0,4308.0,32.0,17.0,7.1,227.0,376.0,1515.0,11.0,4.0,80.0,109.0,964.0,22.0,41.0,13.9,-29.27,0
5,Dallas Cowboys,16.0,421.0,6027.0,1010.0,6.0,15.0,9.0,358.0,325.0,483.0,3631.0,25.0,6.0,7.1,191.0,499.0,2396.0,24.0,4.8,142.0,105.0,879.0,25.0,43.9,8.7,86.3,2016,5,16.0,306.0,5503.0,1009.0,5.5,20.0,11.0,330.0,425.0,633.0,4167.0,25.0,9.0,6.2,226.0,340.0,1336.0,9.0,3.9,79.0,90.0,784.0,25.0,35.1,11.3,-27.42,0
6,Arizona Cardinals,16.0,418.0,5868.0,1086.0,5.4,28.0,11.0,368.0,383.0,646.0,4136.0,28.0,17.0,6.0,229.0,399.0,1732.0,20.0,4.3,97.0,104.0,889.0,42.0,35.0,14.2,-25.79,2016,14,16.0,362.0,4883.0,1019.0,4.8,28.0,14.0,293.0,344.0,547.0,3365.0,21.0,14.0,5.7,175.0,424.0,1518.0,16.0,3.6,90.0,123.0,1010.0,28.0,32.5,12.9,81.68,0
7,Oakland Raiders,16.0,416.0,5973.0,1048.0,5.7,14.0,7.0,333.0,379.0,596.0,4051.0,29.0,7.0,6.6,198.0,434.0,1922.0,17.0,4.4,98.0,147.0,1247.0,37.0,38.7,7.2,-24.48,2016,20,16.0,385.0,6001.0,987.0,6.1,30.0,14.0,318.0,328.0,541.0,4120.0,27.0,16.0,7.3,188.0,421.0,1881.0,18.0,4.5,94.0,115.0,1062.0,36.0,35.3,14.2,-28.15,0
8,Indianapolis Colts,16.0,411.0,5830.0,1037.0,5.6,22.0,7.0,351.0,370.0,584.0,4202.0,32.0,15.0,6.7,220.0,409.0,1628.0,13.0,4.0,93.0,103.0,883.0,38.0,40.6,12.2,68.23,2016,22,16.0,392.0,6126.0,1024.0,6.0,17.0,9.0,353.0,378.0,582.0,4200.0,27.0,8.0,6.8,225.0,409.0,1926.0,12.0,4.7,93.0,125.0,1155.0,35.0,41.5,9.7,-46.92,0
9,San Diego Chargers,16.0,410.0,5708.0,1014.0,5.6,35.0,14.0,340.0,349.0,580.0,4198.0,33.0,21.0,6.8,214.0,398.0,1510.0,10.0,3.8,90.0,107.0,780.0,36.0,38.1,18.2,-29.1,2016,29,16.0,423.0,5554.0,1025.0,5.4,28.0,10.0,329.0,364.0,580.0,3987.0,21.0,18.0,6.5,204.0,410.0,1567.0,20.0,3.8,98.0,119.0,837.0,27.0,39.8,14.5,71.88,0
10,Buffalo Bills,16.0,399.0,5666.0,1012.0,5.6,12.0,5.0,328.0,286.0,474.0,3036.0,17.0,7.0,5.8,155.0,492.0,2630.0,29.0,5.3,146.0,112.0,960.0,27.0,36.7,6.8,60.85,2016,17,16.0,378.0,5712.0,1019.0,5.6,18.0,6.0,338.0,306.0,511.0,3582.0,19.0,12.0,6.5,183.0,469.0,2130.0,21.0,4.5,122.0,106.0,884.0,33.0,38.8,9.3,46.56,0
11,Pittsburgh Steelers,16.0,399.0,5962.0,1026.0,5.8,18.0,3.0,336.0,381.0,596.0,4202.0,33.0,15.0,6.8,210.0,409.0,1760.0,13.0,4.3,97.0,112.0,1068.0,29.0,38.5,9.9,-22.48,2016,10,16.0,327.0,5482.0,997.0,5.5,23.0,10.0,313.0,381.0,590.0,3882.0,20.0,13.0,6.2,184.0,369.0,1600.0,15.0,4.3,95.0,109.0,920.0,34.0,34.5,11.9,13.12,0
12,Washington Redskins,16.0,396.0,6454.0,1009.0,6.4,21.0,9.0,345.0,407.0,607.0,4758.0,25.0,12.0,7.6,226.0,379.0,1696.0,17.0,4.5,89.0,110.0,909.0,30.0,43.4,11.4,105.24,2016,19,16.0,383.0,6046.0,1050.0,5.8,21.0,8.0,368.0,387.0,589.0,4130.0,22.0,13.0,6.6,225.0,423.0,1916.0,19.0,4.5,109.0,100.0,1023.0,34.0,38.5,11.8,-32.66,0
13,Kansas City Chiefs,16.0,389.0,5488.0,990.0,5.5,17.0,9.0,305.0,365.0,546.0,3740.0,19.0,8.0,6.5,197.0,412.0,1748.0,15.0,4.2,86.0,109.0,848.0,22.0,37.1,9.0,-23.04,2016,7,16.0,311.0,5896.0,1063.0,5.5,33.0,15.0,342.0,350.0,598.0,3958.0,23.0,18.0,6.3,209.0,437.0,1938.0,10.0,4.4,102.0,109.0,797.0,31.0,31.9,16.5,59.03,0
14,Tennessee Titans,16.0,381.0,5728.0,1008.0,5.7,18.0,7.0,322.0,307.0,504.0,3541.0,29.0,11.0,6.7,175.0,476.0,2187.0,16.0,4.6,115.0,110.0,1012.0,32.0,36.4,9.8,-10.0,2016,16,16.0,378.0,5720.0,1031.0,5.5,18.0,6.0,324.0,388.0,635.0,4307.0,25.0,12.0,6.4,227.0,356.0,1413.0,10.0,4.0,70.0,137.0,1191.0,27.0,35.0,9.0,8.52,0
15,Carolina Panthers,16.0,369.0,5499.0,1052.0,5.2,29.0,10.0,318.0,306.0,563.0,3685.0,21.0,19.0,6.2,194.0,453.0,1814.0,16.0,4.0,99.0,98.0,835.0,25.0,34.7,14.0,-81.23,2016,26,16.0,402.0,5756.0,1035.0,5.6,27.0,10.0,329.0,409.0,612.0,4291.0,27.0,17.0,6.5,223.0,376.0,1465.0,11.0,3.9,90.0,112.0,907.0,16.0,36.2,13.8,57.81,0
16,Philadelphia Eagles,16.0,367.0,5398.0,1080.0,5.0,20.0,6.0,333.0,380.0,609.0,3585.0,16.0,14.0,5.6,192.0,438.0,1813.0,16.0,4.1,114.0,113.0,945.0,27.0,37.6,11.2,-45.33,2016,12,16.0,331.0,5484.0,978.0,5.6,26.0,10.0,300.0,333.0,553.0,3832.0,25.0,16.0,6.5,177.0,391.0,1652.0,10.0,4.2,89.0,99.0,837.0,34.0,33.9,13.4,25.9,0
17,Miami Dolphins,16.0,363.0,5324.0,913.0,5.8,23.0,8.0,278.0,316.0,477.0,3500.0,27.0,15.0,6.9,167.0,406.0,1824.0,14.0,4.5,90.0,125.0,1142.0,21.0,30.7,11.1,-48.39,2016,18,16.0,380.0,6122.0,1088.0,5.6,25.0,9.0,349.0,368.0,591.0,3875.0,30.0,16.0,6.2,199.0,464.0,2247.0,12.0,4.8,109.0,109.0,919.0,41.0,35.1,12.9,-16.46,0
18,Seattle Seahawks,16.0,354.0,5715.0,1012.0,5.6,18.0,6.0,313.0,368.0,567.0,4124.0,23.0,12.0,6.8,203.0,403.0,1591.0,13.0,3.9,85.0,117.0,970.0,25.0,37.3,9.7,-11.48,2016,3,16.0,292.0,5099.0,1020.0,5.0,19.0,8.0,307.0,331.0,537.0,3612.0,16.0,11.0,6.2,180.0,441.0,1487.0,16.0,3.4,94.0,103.0,925.0,33.0,28.3,10.3,69.7,0
19,Tampa Bay Buccaneers,16.0,354.0,5542.0,1066.0,5.2,27.0,9.0,340.0,355.0,578.0,3926.0,29.0,18.0,6.4,220.0,453.0,1616.0,8.0,3.6,80.0,109.0,926.0,40.0,32.4,14.8,-33.29,2016,15,16.0,369.0,5887.0,1013.0,5.8,29.0,12.0,326.0,347.0,548.0,4012.0,24.0,17.0,6.8,203.0,427.0,1875.0,15.0,4.4,102.0,121.0,1061.0,21.0,35.9,14.7,39.69,0
20,Detroit Lions,16.0,346.0,5421.0,981.0,5.5,15.0,5.0,329.0,388.0,594.0,4111.0,24.0,10.0,6.5,217.0,350.0,1310.0,9.0,3.7,76.0,100.0,861.0,36.0,41.0,9.0,30.86,2016,13,16.0,358.0,5676.0,964.0,5.9,14.0,4.0,333.0,399.0,549.0,3975.0,33.0,10.0,6.9,206.0,389.0,1701.0,8.0,4.4,99.0,122.0,979.0,28.0,39.4,8.8,-88.0,0
21,Baltimore Ravens,16.0,343.0,5563.0,1079.0,5.2,23.0,7.0,316.0,439.0,679.0,4100.0,20.0,16.0,5.8,205.0,367.0,1463.0,10.0,4.0,79.0,125.0,1111.0,32.0,35.6,10.5,-86.39,2016,9,16.0,321.0,5154.0,993.0,5.2,28.0,10.0,294.0,369.0,578.0,3724.0,28.0,18.0,6.1,190.0,384.0,1430.0,10.0,3.7,74.0,94.0,900.0,30.0,28.1,14.1,50.21,0
22,Denver Broncos,16.0,333.0,5169.0,1020.0,5.1,25.0,14.0,290.0,339.0,570.0,3685.0,20.0,11.0,6.0,181.0,410.0,1484.0,11.0,3.6,76.0,119.0,985.0,33.0,30.3,11.6,-94.99,2016,4,16.0,297.0,5057.0,1076.0,4.7,27.0,13.0,306.0,306.0,552.0,2972.0,13.0,14.0,5.0,169.0,482.0,2085.0,15.0,4.3,101.0,110.0,990.0,36.0,29.4,12.2,144.49,0
23,Minnesota Vikings,16.0,327.0,5041.0,1006.0,5.0,16.0,11.0,303.0,414.0,588.0,3836.0,20.0,5.0,6.1,209.0,380.0,1205.0,9.0,3.2,66.0,103.0,882.0,28.0,32.8,7.5,-60.91,2016,6,16.0,307.0,5038.0,993.0,5.1,27.0,13.0,304.0,332.0,548.0,3327.0,22.0,14.0,5.6,186.0,404.0,1711.0,9.0,4.2,87.0,99.0,825.0,31.0,33.3,14.1,97.72,0
24,Cincinnati Bengals,16.0,325.0,5711.0,1050.0,5.4,17.0,9.0,341.0,364.0,563.0,3942.0,18.0,8.0,6.5,204.0,446.0,1769.0,17.0,4.0,100.0,88.0,726.0,37.0,35.8,8.5,30.41,2016,8,16.0,315.0,5612.0,1038.0,5.4,20.0,3.0,327.0,374.0,593.0,3800.0,22.0,17.0,6.1,196.0,412.0,1812.0,12.0,4.4,95.0,105.0,950.0,36.0,34.7,11.4,-0.36,0
25,Jacksonville Jaguars,16.0,318.0,5359.0,1052.0,5.1,29.0,13.0,321.0,369.0,626.0,3728.0,24.0,16.0,5.6,207.0,392.0,1631.0,8.0,4.2,75.0,129.0,1187.0,39.0,31.4,13.6,-67.5,2016,25,16.0,400.0,5147.0,1030.0,5.0,13.0,6.0,305.0,345.0,551.0,3444.0,20.0,7.0,5.9,174.0,446.0,1703.0,17.0,3.8,93.0,101.0,948.0,38.0,39.3,5.8,40.52,0
26,New York Giants,16.0,310.0,5291.0,1018.0,5.2,27.0,11.0,289.0,377.0,598.0,3879.0,26.0,16.0,6.3,190.0,398.0,1412.0,6.0,3.5,73.0,88.0,857.0,26.0,27.5,13.0,-74.19,2016,2,16.0,284.0,5435.0,1062.0,5.1,25.0,8.0,298.0,369.0,630.0,4018.0,15.0,17.0,6.0,191.0,397.0,1417.0,10.0,3.6,82.0,104.0,853.0,25.0,29.9,12.2,98.26,0
27,San Francisco 49ers,16.0,309.0,4930.0,996.0,4.9,25.0,15.0,287.0,287.0,491.0,2911.0,21.0,10.0,5.4,152.0,458.0,2019.0,15.0,4.4,116.0,99.0,831.0,19.0,27.4,10.7,-75.71,2016,32,16.0,480.0,6502.0,1102.0,5.9,20.0,10.0,358.0,322.0,521.0,3848.0,30.0,10.0,6.9,187.0,548.0,2654.0,25.0,4.8,140.0,93.0,795.0,31.0,41.4,9.4,-52.22,0
28,Houston Texans,16.0,279.0,5035.0,1071.0,4.7,24.0,8.0,305.0,347.0,583.0,3176.0,15.0,16.0,5.2,173.0,456.0,1859.0,8.0,4.1,102.0,87.0,868.0,30.0,31.4,11.4,-102.3,2016,11,16.0,328.0,4821.0,950.0,5.1,17.0,6.0,272.0,319.0,522.0,3226.0,20.0,11.0,5.8,157.0,397.0,1595.0,13.0,4.0,87.0,114.0,949.0,28.0,31.7,9.1,88.96,0
29,Chicago Bears,16.0,279.0,5704.0,967.0,5.9,31.0,12.0,324.0,347.0,559.0,3969.0,19.0,19.0,6.8,212.0,380.0,1735.0,10.0,4.6,93.0,110.0,967.0,19.0,27.3,17.4,-70.06,2016,24,16.0,399.0,5548.0,1012.0,5.5,11.0,3.0,322.0,342.0,530.0,3598.0,22.0,8.0,6.3,188.0,445.0,1950.0,18.0,4.4,99.0,103.0,959.0,35.0,42.0,6.3,-68.19,0
30,New York Jets,16.0,275.0,5268.0,1003.0,5.3,34.0,9.0,291.0,311.0,550.0,3466.0,16.0,25.0,5.9,166.0,418.0,1802.0,10.0,4.3,97.0,93.0,837.0,28.0,29.7,17.8,-79.69,2016,28,16.0,409.0,5479.0,1000.0,5.5,14.0,6.0,318.0,347.0,545.0,3898.0,30.0,8.0,6.8,203.0,428.0,1581.0,11.0,3.7,86.0,74.0,651.0,29.0,37.7,7.1,-55.99,0
31,Cleveland Browns,16.0,264.0,4976.0,983.0,5.1,25.0,11.0,296.0,338.0,567.0,3264.0,15.0,14.0,5.2,181.0,350.0,1712.0,13.0,4.9,83.0,95.0,736.0,32.0,27.2,13.3,-72.41,2016,30,16.0,452.0,6279.0,1067.0,5.9,13.0,3.0,364.0,347.0,543.0,3996.0,36.0,10.0,7.0,220.0,498.0,2283.0,18.0,4.6,121.0,104.0,930.0,23.0,40.8,6.1,-128.14,0
32,Los Angeles Rams,16.0,224.0,4203.0,960.0,4.4,29.0,9.0,245.0,312.0,536.0,2951.0,14.0,20.0,5.0,151.0,375.0,1252.0,9.0,3.3,68.0,126.0,1091.0,26.0,21.8,14.5,-190.35,2016,23,16.0,394.0,5392.0,1037.0,5.2,18.0,8.0,325.0,378.0,582.0,3732.0,32.0,10.0,6.1,194.0,424.0,1660.0,12.0,3.9,91.0,108.0,920.0,40.0,31.3,9.4,-2.88,0
1,Carolina Panthers,16.0,500.0,5871.0,1060.0,5.5,19.0,9.0,357.0,300.0,501.0,3589.0,35.0,10.0,6.7,197.0,526.0,2282.0,19.0,4.3,136.0,103.0,887.0,24.0,42.9,9.6,114.88,2015,6,16.0,308.0,5167.0,1058.0,4.9,39.0,15.0,298.0,390.0,650.0,3752.0,21.0,24.0,5.4,198.0,364.0,1415.0,11.0,3.9,74.0,99.0,822.0,26.0,26.5,19.4,115.13,0
2,Arizona Cardinals,16.0,489.0,6533.0,1041.0,6.3,24.0,11.0,373.0,353.0,562.0,4616.0,35.0,13.0,7.8,237.0,452.0,1917.0,16.0,4.2,92.0,94.0,758.0,44.0,42.5,11.8,148.43,2015,7,16.0,313.0,5147.0,982.0,5.2,33.0,14.0,284.0,343.0,573.0,3687.0,24.0,19.0,6.1,177.0,373.0,1460.0,9.0,3.9,79.0,130.0,1202.0,28.0,31.7,16.7,34.93,0
3,New England Patriots,16.0,465.0,5991.0,1050.0,5.7,14.0,7.0,348.0,404.0,629.0,4587.0,36.0,7.0,6.9,230.0,383.0,1404.0,14.0,3.7,87.0,96.0,860.0,31.0,43.2,5.7,138.04,2015,10,16.0,315.0,5430.0,1042.0,5.2,21.0,9.0,303.0,361.0,596.0,3852.0,24.0,12.0,6.0,204.0,397.0,1578.0,8.0,4.0,77.0,112.0,1013.0,22.0,28.9,10.5,27.26,0
4,Seattle Seahawks,16.0,423.0,6058.0,1035.0,5.9,16.0,8.0,335.0,333.0,489.0,3790.0,34.0,8.0,7.1,190.0,500.0,2268.0,10.0,4.5,128.0,117.0,1007.0,17.0,42.0,8.6,129.31,2015,1,16.0,277.0,4668.0,947.0,4.9,23.0,9.0,273.0,333.0,548.0,3364.0,14.0,14.0,5.8,175.0,362.0,1304.0,10.0,3.6,71.0,94.0,795.0,27.0,29.3,13.2,59.08,0
5,Pittsburgh Steelers,16.0,423.0,6327.0,1011.0,6.3,28.0,7.0,331.0,391.0,590.0,4603.0,26.0,21.0,7.4,207.0,388.0,1724.0,16.0,4.4,91.0,94.0,868.0,33.0,40.5,13.7,22.98,2015,11,16.0,319.0,5809.0,1055.0,5.5,30.0,13.0,327.0,402.0,625.0,4350.0,29.0,17.0,6.5,231.0,382.0,1459.0,6.0,3.8,71.0,121.0,1199.0,25.0,32.3,14.3,37.09,0
6,New York Giants,16.0,420.0,5956.0,1053.0,5.7,21.0,7.0,331.0,392.0,623.0,4347.0,36.0,14.0,6.7,208.0,403.0,1609.0,5.0,4.0,77.0,102.0,777.0,46.0,38.2,11.3,31.24,2015,30,16.0,442.0,6725.0,1105.0,6.1,28.0,13.0,367.0,423.0,638.0,4783.0,31.0,15.0,7.2,236.0,444.0,1942.0,15.0,4.4,104.0,120.0,1077.0,27.0,40.5,14.2,-103.42,0
7,Cincinnati Bengals,16.0,419.0,5728.0,1004.0,5.7,17.0,8.0,324.0,334.0,505.0,3923.0,31.0,9.0,7.3,191.0,467.0,1805.0,18.0,3.9,99.0,111.0,917.0,34.0,39.6,9.3,82.59,2015,2,16.0,279.0,5453.0,1032.0,5.3,28.0,7.0,307.0,415.0,646.0,3976.0,18.0,21.0,5.8,202.0,344.0,1477.0,8.0,4.3,74.0,116.0,1063.0,31.0,28.9,15.0,40.96,0
8,New Orleans Saints,16.0,408.0,6461.0,1096.0,5.9,20.0,8.0,381.0,460.0,667.0,4970.0,32.0,12.0,7.1,247.0,397.0,1491.0,16.0,3.8,98.0,130.0,1112.0,36.0,36.3,10.4,146.68,2015,32,16.0,476.0,6615.0,997.0,6.6,22.0,13.0,380.0,372.0,544.0,4544.0,45.0,9.0,7.9,223.0,422.0,2071.0,12.0,4.9,103.0,114.0,887.0,54.0,43.9,11.7,-180.12,0
9,Kansas City Chiefs,16.0,405.0,5299.0,955.0,5.5,15.0,8.0,303.0,310.0,473.0,3255.0,20.0,7.0,6.3,155.0,436.0,2044.0,19.0,4.7,116.0,104.0,878.0,32.0,37.9,7.1,41.53,2015,3,16.0,287.0,5269.0,1037.0,5.1,29.0,7.0,313.0,349.0,607.0,3698.0,25.0,22.0,5.7,193.0,383.0,1571.0,7.0,4.1,86.0,110.0,941.0,34.0,27.3,15.3,105.76,0
10,Washington Redskins,16.0,388.0,5661.0,1011.0,5.6,22.0,11.0,317.0,386.0,555.0,4095.0,30.0,11.0,7.0,208.0,429.0,1566.0,9.0,3.7,81.0,105.0,828.0,28.0,36.1,11.1,54.93,2015,17,16.0,379.0,6090.0,1010.0,6.0,27.0,16.0,329.0,354.0,566.0,4128.0,30.0,11.0,6.8,202.0,406.0,1962.0,10.0,4.8,103.0,112.0,955.0,24.0,35.4,14.9,-55.35,0
11,New York Jets,16.0,387.0,5925.0,1074.0,5.5,24.0,8.0,329.0,362.0,604.0,4057.0,33.0,16.0,6.5,210.0,448.0,1868.0,11.0,4.2,99.0,96.0,787.0,20.0,35.7,11.6,72.26,2015,9,16.0,314.0,5098.0,1013.0,5.0,30.0,12.0,271.0,343.0,601.0,3763.0,25.0,18.0,5.9,185.0,373.0,1335.0,4.0,3.6,62.0,90.0,767.0,24.0,28.4,14.4,59.35,0
12,Buffalo Bills,16.0,379.0,5775.0,1016.0,5.7,19.0,10.0,297.0,295.0,465.0,3343.0,23.0,9.0,6.6,155.0,509.0,2432.0,19.0,4.8,122.0,143.0,1249.0,20.0,34.9,8.6,37.71,2015,15,16.0,359.0,5702.0,1017.0,5.6,25.0,8.0,322.0,347.0,602.0,3972.0,30.0,17.0,6.4,198.0,394.0,1730.0,10.0,4.4,87.0,113.0,906.0,37.0,32.5,11.0,-32.74,0
13,Philadelphia Eagles,16.0,377.0,5830.0,1102.0,5.3,31.0,13.0,339.0,405.0,623.0,4087.0,23.0,18.0,6.2,193.0,442.0,1743.0,15.0,3.9,110.0,104.0,819.0,36.0,29.1,15.3,1.07,2015,28,16.0,430.0,6426.0,1148.0,5.6,26.0,11.0,365.0,394.0,633.0,4273.0,36.0,15.0,6.4,239.0,478.0,2153.0,10.0,4.5,100.0,123.0,1049.0,26.0,36.0,11.8,-74.73,0
14,Jacksonville Jaguars,16.0,376.0,5581.0,1012.0,5.5,28.0,10.0,313.0,355.0,607.0,4108.0,35.0,18.0,6.2,215.0,354.0,1473.0,5.0,4.2,69.0,105.0,880.0,29.0,34.2,14.0,-28.13,2015,31,16.0,448.0,6000.0,1102.0,5.4,18.0,9.0,362.0,390.0,602.0,4291.0,29.0,9.0,6.7,222.0,464.0,1709.0,15.0,3.7,102.0,114.0,989.0,38.0,38.1,8.8,-75.65,0
15,Green Bay Packers,16.0,368.0,5353.0,1056.0,5.1,17.0,9.0,317.0,348.0,573.0,3503.0,31.0,8.0,5.7,173.0,436.0,1850.0,8.0,4.2,100.0,105.0,906.0,44.0,33.3,8.9,40.61,2015,12,16.0,323.0,5547.0,1014.0,5.5,22.0,6.0,300.0,321.0,551.0,3642.0,20.0,16.0,6.1,183.0,420.0,1905.0,13.0,4.5,96.0,120.0,1107.0,21.0,31.3,11.5,-9.81,0
16,Minnesota Vikings,16.0,365.0,5139.0,973.0,5.3,17.0,8.0,297.0,294.0,454.0,2928.0,14.0,9.0,5.9,153.0,474.0,2211.0,18.0,4.7,113.0,88.0,797.0,31.0,38.4,9.3,29.39,2015,5,16.0,302.0,5510.0,1015.0,5.4,22.0,9.0,318.0,359.0,561.0,3762.0,24.0,13.0,6.2,189.0,411.0,1748.0,7.0,4.3,94.0,109.0,875.0,35.0,33.3,11.9,11.53,0
17,Oakland Raiders,16.0,359.0,5336.0,1008.0,5.3,24.0,10.0,300.0,373.0,605.0,3879.0,34.0,14.0,6.1,193.0,370.0,1457.0,7.0,3.9,74.0,139.0,1102.0,33.0,31.8,10.3,4.72,2015,22,16.0,399.0,5818.0,1085.0,5.4,25.0,11.0,344.0,404.0,641.0,4140.0,25.0,14.0,6.1,206.0,406.0,1678.0,12.0,4.1,94.0,104.0,943.0,44.0,38.2,11.5,-38.94,0
18,Detroit Lions,16.0,358.0,5547.0,1030.0,5.4,24.0,10.0,337.0,420.0,632.0,4212.0,33.0,14.0,6.2,236.0,354.0,1335.0,7.0,3.8,71.0,104.0,930.0,30.0,34.6,12.3,31.8,2015,23,16.0,400.0,5597.0,999.0,5.6,19.0,10.0,319.0,360.0,528.0,3789.0,27.0,9.0,6.6,191.0,428.0,1808.0,18.0,4.2,96.0,96.0,785.0,32.0,38.2,9.1,-73.05,0
19,Denver Broncos,16.0,355.0,5688.0,1056.0,5.4,31.0,8.0,314.0,368.0,606.0,3970.0,19.0,23.0,6.2,201.0,411.0,1718.0,13.0,4.2,85.0,115.0,1063.0,28.0,31.2,15.1,-48.41,2015,4,16.0,296.0,4530.0,1033.0,4.4,27.0,13.0,289.0,344.0,573.0,3193.0,19.0,14.0,5.1,162.0,408.0,1337.0,10.0,3.3,81.0,104.0,773.0,46.0,26.9,11.9,141.86,1
20,Tampa Bay Buccaneers,16.0,342.0,6014.0,1017.0,5.9,28.0,13.0,336.0,312.0,535.0,3852.0,22.0,15.0,6.9,201.0,455.0,2162.0,12.0,4.8,99.0,143.0,1195.0,36.0,35.8,14.8,40.62,2015,26,16.0,417.0,5446.0,1045.0,5.2,23.0,12.0,351.0,378.0,541.0,3840.0,31.0,11.0,6.6,208.0,466.0,1606.0,12.0,3.4,104.0,104.0,862.0,39.0,41.7,12.8,-79.88,0
21,Atlanta Falcons,16.0,339.0,5985.0,1073.0,5.6,30.0,13.0,359.0,410.0,621.0,4379.0,21.0,17.0,6.7,230.0,420.0,1606.0,13.0,3.8,95.0,100.0,969.0,34.0,34.5,17.2,52.68,2015,14,16.0,345.0,5562.0,996.0,5.6,23.0,8.0,335.0,370.0,561.0,3882.0,19.0,15.0,6.7,197.0,416.0,1680.0,20.0,4.0,107.0,95.0,728.0,31.0,34.3,13.4,-27.98,0
22,Houston Texans,16.0,339.0,5564.0,1127.0,4.9,20.0,8.0,335.0,358.0,619.0,3833.0,29.0,12.0,5.9,210.0,472.0,1731.0,7.0,3.7,90.0,107.0,910.0,35.0,28.9,9.8,-38.02,2015,8,16.0,313.0,4963.0,986.0,5.0,25.0,11.0,281.0,326.0,553.0,3366.0,24.0,14.0,5.6,173.0,388.0,1597.0,10.0,4.1,79.0,116.0,991.0,29.0,27.3,11.1,46.6,0
23,Chicago Bears,16.0,335.0,5517.0,1025.0,5.4,21.0,9.0,312.0,334.0,523.0,3663.0,21.0,12.0,6.6,177.0,468.0,1854.0,13.0,4.0,108.0,99.0,909.0,27.0,37.4,11.2,8.41,2015,20,16.0,397.0,5527.0,981.0,5.6,17.0,9.0,307.0,322.0,513.0,3593.0,31.0,8.0,6.6,182.0,433.0,1934.0,9.0,4.5,103.0,98.0,895.0,22.0,36.6,8.0,-70.66,0
24,Indianapolis Colts,16.0,333.0,5142.0,1052.0,4.9,30.0,11.0,311.0,355.0,619.0,3704.0,26.0,19.0,5.6,195.0,396.0,1438.0,6.0,3.6,77.0,108.0,931.0,39.0,29.4,14.4,-51.38,2015,25,16.0,408.0,6066.0,1072.0,5.7,25.0,8.0,331.0,354.0,585.0,4114.0,29.0,17.0,6.6,210.0,452.0,1952.0,14.0,4.3,89.0,133.0,1168.0,32.0,36.6,12.4,-26.88,0
25,Baltimore Ravens,16.0,328.0,5749.0,1083.0,5.3,28.0,7.0,323.0,426.0,676.0,4271.0,21.0,21.0,6.1,211.0,383.0,1478.0,8.0,3.9,89.0,122.0,1153.0,23.0,33.3,14.0,-47.16,2015,24,16.0,401.0,5398.0,1000.0,5.4,14.0,8.0,311.0,350.0,545.0,3737.0,30.0,6.0,6.4,189.0,418.0,1661.0,10.0,4.0,80.0,103.0,748.0,42.0,37.4,7.0,-71.18,0
26,San Diego Chargers,16.0,320.0,5949.0,1100.0,5.4,24.0,11.0,344.0,442.0,667.0,4591.0,30.0,13.0,6.5,230.0,393.0,1358.0,4.0,3.5,79.0,117.0,942.0,35.0,33.7,12.4,10.76,2015,21,16.0,398.0,5791.0,959.0,6.0,20.0,9.0,299.0,328.0,510.0,3786.0,22.0,11.0,7.0,170.0,417.0,2005.0,17.0,4.8,101.0,120.0,976.0,28.0,37.8,10.0,-81.04,0
27,Miami Dolphins,16.0,310.0,5307.0,977.0,5.4,19.0,7.0,291.0,365.0,588.0,3811.0,24.0,12.0,6.0,194.0,344.0,1496.0,11.0,4.3,72.0,134.0,1090.0,25.0,25.7,9.6,-4.88,2015,19,16.0,389.0,6019.0,1076.0,5.6,16.0,3.0,351.0,350.0,542.0,4000.0,31.0,13.0,7.0,203.0,503.0,2019.0,13.0,4.0,112.0,121.0,1005.0,36.0,34.0,8.4,-105.08,0
28,Tennessee Titans,16.0,299.0,4988.0,976.0,5.1,33.0,16.0,298.0,342.0,551.0,3503.0,25.0,17.0,5.8,195.0,371.0,1485.0,10.0,4.0,66.0,93.0,779.0,37.0,25.7,16.2,-89.79,2015,27,16.0,423.0,5475.0,1004.0,5.5,19.0,8.0,317.0,319.0,503.0,3678.0,34.0,11.0,6.8,192.0,462.0,1797.0,11.0,3.9,101.0,112.0,982.0,24.0,36.6,8.1,-54.91,0
29,St. Louis Rams,16.0,280.0,4761.0,920.0,5.2,22.0,11.0,241.0,273.0,473.0,2805.0,11.0,11.0,5.7,126.0,429.0,1956.0,16.0,4.6,92.0,122.0,1057.0,23.0,24.5,10.2,-87.66,2015,13,16.0,330.0,5885.0,1091.0,5.4,26.0,13.0,320.0,399.0,597.0,4065.0,21.0,13.0,6.4,192.0,453.0,1820.0,7.0,4.0,98.0,109.0,992.0,30.0,31.8,12.1,35.44,0
30,Cleveland Browns,16.0,278.0,5311.0,1042.0,5.1,30.0,18.0,307.0,371.0,609.0,3782.0,20.0,12.0,5.7,192.0,380.0,1529.0,5.0,4.0,81.0,120.0,1083.0,34.0,29.8,15.2,-66.22,2015,29,16.0,432.0,6067.0,998.0,6.1,21.0,10.0,321.0,322.0,511.0,4012.0,34.0,11.0,7.4,186.0,458.0,2055.0,11.0,4.5,104.0,108.0,833.0,31.0,41.9,11.7,-95.96,0
31,Dallas Cowboys,16.0,275.0,5361.0,969.0,5.5,33.0,11.0,307.0,334.0,528.0,3471.0,16.0,22.0,6.2,175.0,408.0,1890.0,8.0,4.6,94.0,112.0,882.0,38.0,31.4,18.0,-51.92,2015,16,16.0,374.0,5567.0,997.0,5.6,11.0,3.0,317.0,330.0,506.0,3636.0,19.0,8.0,6.8,172.0,460.0,1931.0,16.0,4.2,113.0,113.0,900.0,32.0,36.7,5.6,-52.8,0
32,San Francisco 49ers,16.0,238.0,4860.0,969.0,5.0,17.0,5.0,261.0,322.0,526.0,3316.0,16.0,12.0,5.7,154.0,390.0,1544.0,7.0,4.0,83.0,113.0,823.0,24.0,25.8,8.2,-46.9,2015,18,16.0,387.0,6199.0,1081.0,5.7,12.0,3.0,356.0,375.0,549.0,4179.0,21.0,9.0,7.2,199.0,504.0,2020.0,20.0,4.0,128.0,112.0,920.0,29.0,37.9,6.6,-84.98,0
